Tarih,Hisse,open,high,low,close,volume,YuksekKapanis_Fark,AcilisKapanis_Fark,AcilisKapanisFark_Ort,AcilisKapanisFark_OrtalamayaGoreDegisim,AcilisKapanisFarkOrt_MaxSon10,HacimOrtalama,%Hacim_HacimOrtalama,Kosul,isPivot,pointpos,destek,direnc,Tsinyal_Banker_Dip,Tsinyal_Banker_DipKarar
24-07-2024 14:00,ARSAN,19.99,20.92,19.96,20.92,2183630.0,0.0,0.93,0.18,422.47,0.93,363367.8,500.94,True,0,,18.9,ATH,False,False
24-07-2024 14:00,PCILT,16.01,16.32,16.01,16.26,493648.0,0.06,0.25,0.03,706.45,0.25,227364.0,117.12,True,0,,15.87,17.33,True,False
24-07-2024 14:00,KOZAL,23.04,23.56,23.04,23.54,36417246.0,0.02,0.5,0.07,635.29,0.5,10756688.0,238.55,True,0,,22.64,23.68,False,False
24-07-2024 14:00,KAREL,16.2,16.69,16.19,16.61,2241247.0,0.08,0.41,0.08,400.0,0.41,904011.6,147.92,True,0,,15.11,ATH,False,False
24-07-2024 14:00,HOROZ,47.06,48.5,47.0,48.14,1449187.0,0.36,1.08,0.29,275.0,1.08,579398.1,150.12,True,0,,44.72,ATH,False,False
24-07-2024 14:00,GSDHO,4.09,4.13,4.09,4.12,2754041.0,0.01,0.03,0.01,500.0,0.03,1115077.6,146.98,True,0,,4.02,4.21,False,False
24-07-2024 14:00,TUKAS,8.47,8.62,8.45,8.6,3762268.0,0.02,0.13,0.02,550.0,0.13,1580344.9,138.07,True,0,,8.35,8.88,False,False
24-07-2024 14:00,GENTS,10.07,10.2,10.0,10.19,240908.0,0.01,0.12,0.02,380.0,0.12,92248.7,161.15,True,0,,9.3,10.6,False,False
24-07-2024 14:00,CANTE,1.93,1.98,1.92,1.97,60564846.0,0.01,0.04,0.01,566.67,0.04,20003179.4,202.78,True,0,,1.9,ATH,False,False
24-07-2024 14:00,BOSSA,17.51,17.83,17.51,17.83,1371108.0,0.0,0.32,0.07,377.61,0.32,556337.3,146.45,True,0,,16.62,ATH,False,False
24-07-2024 13:00,GUBRF,159.3,168.5,159.1,168.5,3234272.0,0.0,9.2,1.32,596.97,9.2,1000039.3,223.41,True,0,,152.2,172.5,True,False
24-07-2024 13:00,SASA,45.96,46.74,45.9,46.72,11936388.0,0.02,0.76,0.06,1257.14,0.76,6491174.7,83.89,True,0,,44.78,46.94,False,False
24-07-2024 13:00,KZGYO,21.64,22.16,21.64,22.1,384027.0,0.06,0.46,0.05,858.33,0.46,172232.1,122.97,True,0,,21.28,22.22,False,False
24-07-2024 13:00,EUREN,15.21,15.86,15.2,15.75,5485083.0,0.11,0.54,0.02,2150.0,0.54,1097872.0,399.61,True,0,,15.36,16.16,False,False
24-07-2024 13:00,BAGFS,25.22,26.4,25.2,26.1,1326986.0,0.3,0.88,0.13,556.72,0.88,236616.2,460.82,True,0,,24.4,ATH,False,False
24-07-2024 13:00,SKBNK,4.13,4.21,4.13,4.2,20695161.0,0.01,0.07,0.01,483.33,0.07,9946796.9,108.06,True,0,,4.03,4.21,False,False
24-07-2024 12:00,TATEN,30.18,30.86,30.16,30.68,517867.0,0.18,0.5,0.04,1090.48,0.5,241254.6,114.66,True,0,,28.92,ATH,False,False
24-07-2024 12:00,KRPLS,8.19,8.34,8.18,8.31,786550.0,0.03,0.12,0.03,361.54,0.12,217964.9,260.86,True,0,,7.97,ATH,False,False
24-07-2024 12:00,MEGMT,41.68,43.12,41.6,42.9,4616643.0,0.22,1.22,0.26,369.23,1.22,1399554.4,229.87,True,0,,39.42,43.22,False,False
24-07-2024 12:00,MEGAP,7.2,7.48,7.15,7.43,4218414.0,0.05,0.23,0.03,721.43,0.23,1772916.4,137.94,True,0,,6.99,7.88,False,False
24-07-2024 12:00,KLSYN,5.52,5.61,5.51,5.6,365458.0,0.01,0.08,0.0,1500.0,0.08,190704.6,91.64,True,0,,5.46,5.69,False,False
24-07-2024 12:00,VKING,52.1,54.4,52.05,54.25,423370.0,0.15,2.15,0.1,1947.62,2.15,154594.4,173.86,True,0,,50.7,55.2,False,False
24-07-2024 12:00,MAKTK,8.66,8.85,8.62,8.82,849117.0,0.03,0.16,0.03,492.59,0.16,548638.0,54.77,True,0,,8.51,9.17,False,False
24-07-2024 11:00,BLCYT,21.96,22.6,21.94,22.52,207146.0,0.08,0.56,0.02,2445.45,0.56,92760.0,123.31,True,0,,21.86,23.14,False,False
24-07-2024 11:00,ENKAI,44.88,46.74,44.76,46.3,13480238.0,0.44,1.42,0.29,389.66,1.42,3705907.8,263.75,True,0,,43.1,ATH,False,False
24-07-2024 11:00,IEYHO,7.45,8.6,7.44,8.33,40674450.0,0.27,0.88,0.09,836.17,0.88,8315800.9,389.12,True,0,,7.85,ATH,True,True
24-07-2024 11:00,LILAK,26.48,26.88,26.36,26.82,2880506.0,0.06,0.34,0.05,580.0,0.34,801914.0,259.2,True,0,,26.04,26.86,False,False
24-07-2024 11:00,TKFEN,55.25,57.4,55.25,57.05,1736240.0,0.35,1.8,0.15,1100.0,1.8,453989.8,282.44,True,0,,55.8,57.2,True,True
24-07-2024 10:00,IHGZT,1.52,1.57,1.51,1.56,6491615.0,0.01,0.04,0.0,1233.33,0.04,3507139.4,85.1,True,0,,1.49,1.61,False,False
24-07-2024 10:00,DOFER,38.16,40.8,37.96,40.3,1601897.0,0.5,2.14,0.28,669.78,2.14,324204.1,394.1,True,0,,37.18,40.62,False,False
24-07-2024 10:00,MHRGY,4.9,4.96,4.9,4.96,1050199.0,0.0,0.06,0.01,300.0,0.06,577043.0,82.0,True,0,,4.83,5.09,False,False
24-07-2024 10:00,MAGEN,23.78,24.5,23.54,24.4,2374703.0,0.1,0.62,0.06,868.75,0.62,1440733.2,64.83,True,0,,23.1,25.26,False,False
24-07-2024 10:00,CEMAS,4.23,4.56,4.22,4.53,26107369.0,0.03,0.3,0.02,1100.0,0.3,4480761.8,482.65,True,0,,4.16,4.67,True,True
24-07-2024 10:00,IHLAS,1.4,1.42,1.39,1.42,18401918.0,0.0,0.02,0.0,900.0,0.02,7133424.4,157.97,True,0,,1.37,1.56,True,False
24-07-2024 10:00,IHLGM,1.58,1.62,1.58,1.62,12194154.0,0.0,0.04,0.01,700.0,0.04,3020864.2,303.66,True,0,,1.56,1.73,True,False
24-07-2024 10:00,KOCMT,17.3,17.7,17.3,17.6,6471215.0,0.1,0.3,0.04,669.23,0.3,1360748.8,375.56,True,0,,17.15,18.09,True,False
24-07-2024 10:00,BORLS,34.78,36.06,34.72,36.02,1022551.0,0.04,1.24,0.16,675.0,1.24,249849.2,309.27,True,0,,33.96,37.32,False,False
24-07-2024 10:00,EDATA,17.8,19.1,17.69,19.0,1814848.0,0.1,1.2,0.15,684.31,1.2,692148.8,162.2,True,0,,16.84,ATH,False,False
24-07-2024 10:00,TRILC,27.4,28.14,27.36,27.94,1737670.0,0.2,0.54,0.04,1400.0,0.54,698536.3,148.76,True,0,,25.32,ATH,False,False
24-07-2024 10:00,KBORU,93.2,100.6,91.6,99.3,2817579.0,1.3,6.1,1.26,384.13,6.1,951040.7,196.26,True,0,,81.85,ATH,False,False
24-07-2024 10:00,EFORC,21.96,23.02,21.86,23.02,8774628.0,0.0,1.06,0.21,417.07,1.06,4318712.7,103.18,True,0,,15.55,ATH,False,False
24-07-2024 10:00,METRO,2.81,2.85,2.8,2.84,1362380.0,0.01,0.03,0.0,650.0,0.03,625281.6,117.88,True,0,,2.79,2.93,True,True
24-07-2024 10:00,AHGAZ,13.17,13.34,13.13,13.3,1045524.0,0.04,0.13,0.01,1200.0,0.13,370936.2,181.86,True,0,,13.06,13.56,True,False
24-07-2024 10:00,HRKET,78.4,86.05,77.65,86.05,4194314.0,0.0,7.65,0.93,722.58,7.65,1077290.4,289.34,True,0,,75.35,ATH,False,False
24-07-2024 10:00,EPLAS,7.44,7.51,7.39,7.49,767910.0,0.02,0.05,0.0,2400.0,0.05,348010.4,120.66,True,0,,7.39,7.88,False,False
24-07-2024 10:00,HATSN,56.45,59.45,55.65,58.6,1604732.0,0.85,2.15,0.16,1243.75,2.15,477622.6,235.98,True,0,,54.6,59.0,False,False
24-07-2024 10:00,ZEDUR,11.39,11.69,11.1,11.63,2578151.0,0.06,0.24,0.05,352.83,0.24,894577.2,188.2,True,0,,10.19,ATH,False,False
24-07-2024 10:00,SMRTG,49.58,50.5,49.26,50.4,2109011.0,0.1,0.82,0.08,876.19,0.82,545448.7,286.66,True,0,,48.58,51.9,False,False
24-07-2024 10:00,YIGIT,36.74,38.52,36.54,38.18,6984148.0,0.34,1.44,0.29,393.15,1.44,2381035.3,193.32,True,0,,35.02,ATH,False,False
24-07-2024 10:00,FONET,18.5,19.96,18.37,19.55,9892875.0,0.41,1.05,0.22,386.11,1.05,2786324.3,255.05,True,0,,16.85,ATH,False,False
24-07-2024 10:00,GESAN,51.15,52.45,50.7,52.1,4681386.0,0.35,0.95,0.14,578.57,0.95,1100364.6,325.44,True,0,,49.16,ATH,False,False
24-07-2024 10:00,EUPWR,104.3,111.3,103.4,110.6,2422445.0,0.7,6.3,0.52,1111.54,6.3,575656.6,320.81,True,0,,94.15,ATH,False,False
24-07-2024 10:00,SAFKR,57.7,58.7,57.3,58.45,285038.0,0.25,0.75,0.2,275.0,0.75,123093.6,131.56,True,0,,50.65,60.75,False,False
24-07-2024 10:00,ALKLC,23.96,25.58,23.94,25.38,2749500.0,0.2,1.42,0.13,975.76,1.42,718260.4,282.8,True,0,,22.92,ATH,False,False
24-07-2024 10:00,GLRYH,11.8,12.02,11.78,12.0,513557.0,0.02,0.2,0.03,545.16,0.2,164010.2,213.13,True,0,,11.74,12.1,False,False
24-07-2024 10:00,ASTOR,95.2,98.65,94.85,98.15,8592895.0,0.5,2.95,0.37,708.22,2.95,2115194.3,306.25,True,0,,94.0,ATH,False,False
24-07-2024 10:00,PRDGS,6.9,7.47,6.9,7.32,3824594.0,0.15,0.42,0.07,508.7,0.42,926744.3,312.69,True,0,,6.61,ATH,False,False
24-07-2024 10:00,KARYE,29.04,29.5,29.02,29.4,719307.0,0.1,0.36,0.02,1700.0,0.36,253263.0,184.02,True,0,,28.54,ATH,False,False
24-07-2024 10:00,AFYON,14.94,15.28,14.8,15.19,3216744.0,0.09,0.25,0.02,1036.36,0.25,969893.8,231.66,True,0,,14.8,15.4,False,False
24-07-2024 10:00,AVPGY,45.98,46.74,45.96,46.54,691784.0,0.2,0.56,0.07,700.0,0.56,338039.4,104.65,True,0,,45.74,47.12,False,False
24-07-2024 10:00,ORGE,73.25,74.6,73.0,74.5,402567.0,0.1,1.25,0.18,614.29,1.25,165863.3,142.71,True,0,,71.15,74.55,False,False
24-07-2024 10:00,ENJSA,68.0,70.35,67.85,69.7,3852928.0,0.65,1.7,0.2,750.0,1.7,759063.9,407.59,True,0,,66.5,ATH,False,False
24-07-2024 10:00,AZTEK,66.35,69.4,66.0,69.4,1071517.0,0.0,3.05,0.31,900.0,3.05,138877.4,671.56,True,0,,52.1,ATH,False,False
24-07-2024 10:00,ALFAS,67.9,70.7,67.15,70.1,2839091.0,0.6,2.2,0.2,973.17,2.2,509073.3,457.7,True,0,,66.65,80.6,False,False
24-07-2024 10:00,EMKEL,13.22,13.7,13.22,13.59,967839.0,0.11,0.37,0.06,487.3,0.37,433804.4,123.1,True,0,,12.65,13.8,False,False
24-07-2024 10:00,NIBAS,17.65,17.83,17.58,17.82,188319.0,0.01,0.17,0.01,1316.67,0.17,80590.5,133.67,True,0,,17.56,18.2,False,False
24-07-2024 10:00,MOBTL,5.28,5.43,5.25,5.4,3446087.0,0.03,0.12,0.02,650.0,0.12,1314499.2,162.16,True,0,,5.17,5.66,True,False
23-07-2024 17:00,EGEPO,21.5,21.88,21.3,21.86,165477.0,0.02,0.36,0.03,1100.0,0.36,81612.1,102.76,True,0,,19.52,ATH,False,False
23-07-2024 17:00,DYOBY,57.25,60.3,57.25,59.5,432001.0,0.8,2.25,0.26,765.38,2.25,110965.7,289.31,True,0,,54.6,ATH,False,False
23-07-2024 17:00,GOKNR,32.04,32.56,31.92,32.56,783811.0,0.0,0.52,0.1,441.67,0.52,329393.8,137.96,True,0,,31.5,32.66,False,False
23-07-2024 17:00,ULUFA,14.93,15.29,14.91,15.27,608818.0,0.02,0.34,0.07,400.0,0.34,185651.3,227.94,True,0,,14.4,15.32,False,False
23-07-2024 17:00,EGSER,3.82,3.93,3.82,3.92,2903466.0,0.01,0.1,0.01,1011.11,0.1,837225.5,246.8,True,0,,3.79,4.11,True,True
23-07-2024 17:00,DERHL,10.99,12.21,10.96,12.0,2549413.0,0.21,1.01,0.05,2095.65,1.01,1532796.4,66.32,True,0,,10.7,13.09,False,False
23-07-2024 17:00,GENIL,70.05,73.0,69.7,73.0,1040811.0,0.0,2.95,0.0,inf,2.95,279330.3,272.61,True,0,,69.15,73.9,False,False
23-07-2024 17:00,SKYMD,11.41,11.67,11.41,11.63,1579221.0,0.04,0.22,0.03,528.57,0.22,666339.0,137.0,True,0,,11.22,11.71,False,False
23-07-2024 17:00,SEKFK,11.24,11.81,11.24,11.81,1184947.0,0.0,0.57,0.08,612.5,0.57,461966.5,156.5,True,0,,10.84,ATH,False,False
23-07-2024 17:00,ORCAY,11.95,12.12,11.92,12.1,1238942.0,0.02,0.15,0.02,733.33,0.15,433465.6,185.82,True,0,,11.8,12.17,False,False
23-07-2024 17:00,MANAS,15.89,16.44,15.8,16.35,2770452.0,0.09,0.46,0.05,900.0,0.46,769889.3,259.85,True,0,,15.59,16.91,False,False
23-07-2024 16:00,AKBNK,67.65,70.4,67.65,70.3,20390073.0,0.1,2.65,0.08,3017.65,2.65,6652818.9,206.49,True,0,,66.7,70.55,False,False
23-07-2024 16:00,BOBET,29.5,29.96,29.46,29.96,443534.0,0.0,0.46,0.04,1110.53,0.46,278545.8,59.23,True,0,,28.4,30.02,False,False
23-07-2024 16:00,ZOREN,5.54,5.92,5.53,5.88,198261983.0,0.04,0.34,0.04,690.7,0.34,35319522.5,461.34,True,0,,5.39,ATH,False,False
23-07-2024 16:00,TUCLK,12.39,12.96,12.38,12.84,1763773.0,0.12,0.45,0.02,2900.0,0.45,921736.2,91.35,True,0,,12.33,13.0,False,False
23-07-2024 16:00,SAHOL,108.5,110.8,108.4,110.8,4446801.0,0.0,2.3,0.07,3185.71,2.3,1699056.6,161.72,True,0,,105.8,ATH,False,False
23-07-2024 16:00,GLYHO,15.94,16.34,15.9,16.32,2624542.0,0.02,0.38,0.07,484.62,0.38,878314.6,198.82,True,1,16.34,15.07,16.34,False,False
23-07-2024 16:00,ODAS,8.49,8.71,8.48,8.7,22866176.0,0.01,0.21,0.02,1212.5,0.21,4691787.0,387.37,True,0,,8.45,8.91,True,True
23-07-2024 16:00,EKSUN,6.91,7.05,6.89,7.03,975110.0,0.02,0.12,0.02,700.0,0.12,399363.2,144.17,True,1,7.05,6.76,7.05,False,False
23-07-2024 16:00,UNLU,16.77,17.3,16.77,17.21,647214.0,0.09,0.44,0.01,5400.0,0.44,268715.3,140.85,True,1,17.3,16.68,17.3,False,False
23-07-2024 16:00,VESTL,76.05,76.9,76.0,76.9,988369.0,0.0,0.85,0.14,507.14,0.85,653652.4,51.21,True,0,,75.1,77.9,True,False
23-07-2024 16:00,ALBRK,6.6,6.74,6.6,6.72,3617741.0,0.02,0.12,0.02,500.0,0.12,2278141.0,58.8,True,1,6.74,6.36,6.74,False,False
23-07-2024 15:00,EDIP,26.02,26.5,25.92,26.5,185315.0,0.0,0.48,0.03,1500.0,0.48,113977.9,62.59,True,0,,25.6,26.7,False,False
23-07-2024 15:00,HURGZ,4.5,4.59,4.46,4.58,1160292.0,0.01,0.08,0.01,515.38,0.08,690536.1,68.03,True,0,,4.32,4.68,False,False
23-07-2024 14:00,ALMAD,8.49,8.7,8.46,8.67,1329051.0,0.03,0.18,0.03,566.67,0.18,649054.6,104.77,True,0,,8.3,9.16,False,False
23-07-2024 14:00,FLAP,8.29,8.44,8.29,8.41,612564.0,0.03,0.12,0.0,2900.0,0.12,402111.5,52.34,True,0,,8.1,8.51,False,False
23-07-2024 14:00,REEDR,36.42,37.84,36.18,37.84,7613589.0,0.0,1.42,0.36,298.88,1.42,4587549.3,65.96,True,0,,33.92,ATH,False,False
23-07-2024 14:00,TUPRS,164.1,167.3,163.8,166.4,11965597.0,0.9,2.3,0.18,1177.78,2.3,3389327.4,253.04,True,1,167.3,162.5,167.3,True,False
23-07-2024 14:00,DAGI,8.65,9.05,8.62,9.03,1136975.0,0.02,0.38,0.05,603.7,0.38,319897.5,255.42,True,0,,8.36,9.09,False,False
23-07-2024 14:00,KOPOL,48.52,50.4,48.5,49.94,1663952.0,0.46,1.42,0.1,1348.98,1.42,430285.7,286.71,True,0,,47.08,50.85,False,False
23-07-2024 14:00,NATEN,47.06,47.74,47.06,47.62,231959.0,0.12,0.56,0.07,700.0,0.56,133133.9,74.23,True,0,,46.22,49.9,True,False
23-07-2024 14:00,MNDRS,12.78,12.93,12.78,12.92,543999.0,0.01,0.14,0.0,3400.0,0.14,331928.8,63.89,True,0,,12.69,13.04,False,False
23-07-2024 14:00,BIOEN,19.22,19.48,19.12,19.45,976715.0,0.03,0.23,0.0,5650.0,0.23,388775.4,151.23,True,0,,19.01,19.95,True,True
23-07-2024 14:00,ATLAS,5.03,5.21,5.03,5.21,1095704.0,0.0,0.18,0.05,291.3,0.18,348246.5,214.63,True,0,,4.6,ATH,False,False
23-07-2024 13:00,ALARK,103.6,104.6,103.5,104.4,1190782.0,0.2,0.8,0.18,344.44,0.8,556218.0,114.09,True,1,104.6,101.9,104.6,False,False
23-07-2024 13:00,YYLGD,12.4,12.56,12.4,12.53,1276048.0,0.03,0.13,0.01,2066.67,0.13,735432.7,73.51,True,0,,12.25,13.48,True,False
23-07-2024 13:00,ENTRA,10.06,10.47,10.05,10.47,42260303.0,0.0,0.41,0.05,720.0,0.41,6701473.9,530.61,True,0,,9.96,ATH,False,False
23-07-2024 13:00,HDFGS,1.78,1.81,1.78,1.81,8286757.0,0.0,0.03,0.0,2900.0,0.03,1736162.9,377.3,True,2,1.78,1.78,1.82,False,False
23-07-2024 13:00,YYAPI,6.1,6.21,6.1,6.19,1831204.0,0.02,0.09,0.0,1.013309916158369e+17,0.09,1095076.7,67.22,True,0,,6.06,7.18,False,False
23-07-2024 12:00,SURGY,52.35,53.75,52.2,53.35,598906.0,0.4,1.0,0.3,227.87,1.0,316622.6,89.15,True,0,,47.08,ATH,False,False
23-07-2024 12:00,BRSAN,453.5,471.0,453.25,467.25,462328.0,3.75,13.75,1.72,697.1,13.75,179469.8,157.61,True,1,471.0,437.75,471.0,False,False
23-07-2024 12:00,DITAS,20.2,22.1,20.16,21.82,1473433.0,0.28,1.62,0.23,604.35,1.62,541345.1,172.18,True,0,,18.05,ATH,False,False
23-07-2024 11:00,SOKM,63.9,64.9,63.85,64.7,1552226.0,0.2,0.8,0.07,1042.86,0.8,720379.8,115.47,True,0,,63.7,67.6,False,False
23-07-2024 11:00,PETKM,24.82,25.44,24.8,25.38,23032751.0,0.06,0.56,0.02,2700.0,0.56,7663433.1,200.55,True,0,,24.04,ATH,False,False
23-07-2024 11:00,HEKTS,13.18,13.44,13.17,13.41,7352382.0,0.03,0.23,0.01,1542.86,0.23,4443683.4,65.46,True,0,,13.1,13.51,False,False
23-07-2024 11:00,MIATK,65.2,67.35,64.75,66.85,6030837.0,0.5,1.65,0.38,340.0,1.65,2416814.5,149.54,True,0,,56.45,ATH,False,False
23-07-2024 11:00,HUNER,3.84,3.88,3.84,3.87,3310780.0,0.01,0.03,0.01,328.57,0.03,1936134.7,71.0,True,1,3.88,3.79,3.88,False,False
23-07-2024 11:00,HKTM,16.27,16.56,16.26,16.54,400771.0,0.02,0.27,0.04,575.0,0.27,247490.8,61.93,True,0,,15.5,ATH,False,False
23-07-2024 11:00,ARDYZ,38.4,38.86,38.4,38.8,806252.0,0.06,0.4,0.04,1011.11,0.4,387932.9,107.83,True,0,,37.76,40.38,True,True
23-07-2024 11:00,DOHOL,17.04,17.28,17.03,17.24,7295931.0,0.04,0.2,0.02,852.38,0.2,3594126.6,103.0,True,0,,16.58,17.47,False,False
23-07-2024 11:00,VBTYZ,28.64,29.34,28.54,29.18,649533.0,0.16,0.54,0.06,743.75,0.54,209460.0,210.1,True,0,,27.76,30.38,True,True
23-07-2024 11:00,ARASE,57.9,58.75,57.85,58.65,241019.0,0.1,0.75,0.06,1263.64,0.75,138369.6,74.18,True,0,,57.65,59.95,True,True
23-07-2024 11:00,EKOS,35.02,37.36,35.02,37.36,4553636.0,0.0,2.34,0.33,609.09,2.34,780225.4,483.63,True,0,,33.88,ATH,False,False
23-07-2024 10:00,DMRGD,15.3,15.68,15.1,15.64,968315.0,0.04,0.34,0.03,1159.26,0.34,329533.4,193.84,True,0,,15.04,15.81,False,False
23-07-2024 10:00,IMASM,12.91,13.16,12.83,13.16,1328288.0,0.0,0.25,0.01,3025.0,0.25,477403.2,178.23,True,2,12.83,12.83,13.23,False,False
23-07-2024 10:00,YEOTK,200.4,206.0,199.3,204.8,701610.0,1.2,4.4,0.01,43900.0,4.4,164031.3,327.73,True,2,199.3,199.3,213.2,False,False
23-07-2024 10:00,METUR,13.93,14.11,13.78,14.09,801335.0,0.02,0.16,0.01,1354.55,0.16,301506.2,165.78,True,2,13.78,13.78,14.8,False,False
23-07-2024 10:00,KFEIN,108.9,115.6,107.8,114.4,559089.0,1.2,5.5,0.48,1045.83,5.5,132613.2,321.59,True,2,107.8,107.8,ATH,False,False
23-07-2024 10:00,CWENE,239.0,251.5,235.3,251.5,1211481.0,0.0,12.5,1.87,568.45,12.5,283840.2,326.82,True,1,251.5,208.0,ATH,False,False
23-07-2024 10:00,ULKER,172.1,176.8,171.2,175.9,2601901.0,0.9,3.8,0.39,874.36,3.8,659781.6,294.36,True,0,,168.1,182.8,True,False
23-07-2024 10:00,ODINE,92.6,95.65,92.1,95.65,1011995.0,0.0,3.05,0.16,1748.48,3.05,348173.9,190.66,True,0,,83.55,ATH,False,False
23-07-2024 10:00,ONRYT,79.0,81.5,78.05,81.0,1627330.0,0.5,2.0,0.46,339.56,2.0,668122.6,143.57,True,0,,74.25,ATH,False,False
23-07-2024 10:00,ALVES,48.68,51.6,48.26,50.8,3517643.0,0.8,2.12,0.07,3161.54,2.12,651979.8,439.53,True,2,48.26,48.26,55.95,True,True
23-07-2024 10:00,AGROT,20.38,21.44,20.24,21.24,48043264.0,0.2,0.86,0.14,532.35,0.86,10226349.7,369.8,True,0,,15.57,ATH,False,False
23-07-2024 10:00,SKTAS,5.75,5.85,5.75,5.84,513700.0,0.01,0.09,0.01,1185.71,0.09,289006.2,77.75,True,0,,5.6,5.89,False,False
23-07-2024 10:00,PLTUR,24.0,25.44,23.9,25.38,3315014.0,0.06,1.38,0.12,1089.66,1.38,504893.3,556.58,True,0,,23.0,ATH,False,False
23-07-2024 10:00,CATES,47.1,48.04,46.76,47.88,534632.0,0.16,0.78,0.07,1081.82,0.78,148793.3,259.31,True,2,46.76,46.76,ATH,False,False
23-07-2024 10:00,KTLEV,44.04,44.58,43.84,44.58,1694153.0,0.0,0.54,0.02,3275.0,0.54,626787.0,170.29,True,2,43.84,43.84,45.06,True,True
23-07-2024 10:00,PATEK,86.95,92.8,85.9,91.2,2531409.0,1.6,4.25,0.91,369.61,4.25,710647.2,256.21,True,1,92.8,76.1,92.8,False,False
22-07-2024 17:00,ENSRI,19.18,19.59,19.13,19.59,820693.0,0.0,0.41,0.03,1364.29,0.41,479221.8,71.26,True,0,,18.98,19.7,False,False
22-07-2024 17:00,SELEC,54.3,55.5,54.0,55.5,986981.0,0.0,1.2,0.28,336.36,1.2,283772.9,247.81,True,1,55.5,51.8,ATH,False,False
22-07-2024 16:00,BSOKE,40.36,40.9,40.36,40.88,430585.0,0.02,0.52,0.11,390.57,0.52,256001.4,68.2,True,0,,39.32,ATH,False,False
22-07-2024 16:00,GWIND,33.1,33.7,32.98,33.58,1062119.0,0.12,0.48,0.01,4700.0,0.48,318960.5,232.99,True,2,32.98,32.98,34.26,False,False
22-07-2024 16:00,CEOEM,29.52,29.94,29.46,29.94,435430.0,0.0,0.42,0.12,244.26,0.42,246123.5,76.92,True,0,,24.24,ATH,False,False
22-07-2024 15:00,ISDMR,41.02,42.18,41.02,42.04,1602530.0,0.14,1.02,0.13,684.62,1.02,755181.7,112.2,True,1,42.18,39.92,42.18,False,False
22-07-2024 14:00,TUREX,71.55,74.15,71.55,73.95,225211.0,0.2,2.4,0.19,1130.77,2.4,67801.4,232.16,True,0,,69.35,74.1,False,False
22-07-2024 14:00,ARTMS,53.75,54.95,53.65,54.9,342334.0,0.05,1.15,0.34,233.33,1.15,130287.7,162.75,True,0,,50.0,ATH,False,False
22-07-2024 14:00,KOTON,21.66,22.16,21.6,22.06,1476919.0,0.1,0.4,0.02,1900.0,0.4,533687.4,176.74,True,0,,21.5,22.5,False,False
22-07-2024 14:00,MARBL,15.9,16.47,15.89,16.4,2379747.0,0.07,0.5,0.04,1090.48,0.5,492150.4,383.54,True,0,,15.68,16.56,False,False
22-07-2024 13:00,PASEU,75.9,79.95,75.8,79.5,696120.0,0.45,3.6,0.39,823.08,3.6,254992.7,173.0,True,0,,75.15,81.2,False,False
22-07-2024 13:00,AVGYO,8.65,9.2,8.65,9.14,1561424.0,0.06,0.49,0.01,9700.0,0.49,376403.3,314.83,True,0,,8.49,9.24,False,False
22-07-2024 13:00,SOKE,14.1,14.21,14.09,14.18,208304.0,0.03,0.08,0.0,inf,0.08,132112.5,57.67,True,0,,13.98,14.25,False,False
22-07-2024 13:00,ANSGR,109.4,111.5,109.3,111.3,340249.0,0.2,1.9,0.2,850.0,1.9,169707.0,100.49,True,0,,108.6,112.1,False,False
22-07-2024 12:00,KOZAA,59.35,61.25,59.35,60.85,5521931.0,0.4,1.5,0.3,400.0,1.5,1475401.9,274.27,True,1,61.25,57.15,61.25,True,False
22-07-2024 12:00,IHAAS,26.24,27.0,26.18,27.0,459542.0,0.0,0.76,0.13,503.17,0.76,223291.4,105.8,True,0,,25.24,27.88,False,False
22-07-2024 12:00,BORSK,28.88,29.74,28.86,29.62,1364746.0,0.12,0.74,0.13,487.3,0.74,372419.3,266.45,True,0,,28.2,ATH,False,False
22-07-2024 12:00,LMKDC,22.82,23.32,22.74,23.28,1313414.0,0.04,0.46,0.06,721.43,0.46,565799.5,132.13,True,0,,22.52,23.5,False,False
22-07-2024 12:00,BUCIM,8.62,8.78,8.61,8.76,3591300.0,0.02,0.14,0.02,723.53,0.14,1081066.6,232.2,True,0,,8.49,ATH,False,False
22-07-2024 12:00,RTALB,11.94,12.1,11.94,12.07,551458.0,0.03,0.13,0.01,900.0,0.13,228058.9,141.81,True,0,,11.84,12.18,False,False
22-07-2024 12:00,IZMDC,6.54,6.68,6.52,6.67,3848019.0,0.01,0.13,0.02,490.91,0.13,1440813.9,167.07,True,0,,6.29,ATH,False,False
22-07-2024 11:00,ADGYO,32.42,33.3,32.38,33.2,1750212.0,0.1,0.78,0.09,786.36,0.78,332148.7,426.94,True,0,,31.12,ATH,False,False
22-07-2024 11:00,ISKPL,13.54,13.68,13.48,13.64,300819.0,0.04,0.1,0.01,1328.57,0.1,190835.7,57.63,True,0,,13.35,14.09,False,False
22-07-2024 11:00,PAPIL,128.5,133.4,128.3,133.4,247353.0,0.0,4.9,0.36,1261.11,4.9,101865.3,142.82,True,0,,126.3,141.4,True,False
22-07-2024 10:00,BINHO,440.25,470.75,440.0,467.0,544159.0,3.75,26.75,2.17,1129.89,26.75,174667.9,211.54,True,1,470.75,378.25,470.75,False,False
22-07-2024 10:00,CIMSA,34.0,34.82,33.74,34.74,2978579.0,0.08,0.74,0.09,760.47,0.74,907874.2,228.08,True,2,33.74,33.74,35.26,False,False
22-07-2024 10:00,TSPOR,2.43,2.55,2.31,2.53,254532536.0,0.02,0.1,0.01,900.0,0.1,29956656.0,749.67,True,2,2.31,2.31,ATH,False,False
22-07-2024 10:00,EUHOL,2.99,3.1,2.98,3.09,1102827.0,0.01,0.1,0.02,525.0,0.1,338183.4,226.1,True,0,,2.56,ATH,False,False
22-07-2024 10:00,GOODY,20.92,21.1,20.88,21.06,240639.0,0.04,0.14,0.01,1300.0,0.14,83047.8,189.76,True,0,,20.7,21.3,False,False
22-07-2024 10:00,ELITE,31.64,31.98,31.46,31.92,394795.0,0.06,0.28,0.04,536.36,0.28,177114.9,122.9,True,0,,30.9,32.52,False,False
22-07-2024 10:00,TURSG,68.3,69.3,67.7,69.15,426244.0,0.15,0.85,0.05,1600.0,0.85,250923.8,69.87,True,1,69.3,67.65,69.3,False,False
22-07-2024 10:00,BRLSM,19.22,19.37,19.05,19.34,409201.0,0.03,0.12,0.01,823.08,0.12,200235.4,104.36,True,0,,19.14,20.2,False,False
22-07-2024 10:00,FORMT,3.8,3.97,3.78,3.93,20282574.0,0.04,0.13,0.03,400.0,0.13,5953252.3,240.7,True,1,3.97,3.1,3.97,False,False
22-07-2024 10:00,XU100,11188.19,11237.57,11119.3,11225.5,723755080.0,12.07,37.31,10.44,257.31,37.31,276442359.5,161.81,True,0,,11082.77,11252.11,False,False
22-07-2024 10:00,RYSAS,51.35,52.65,51.2,52.5,157705.0,0.15,1.15,0.16,641.94,1.15,57250.8,175.46,True,0,,50.4,52.55,False,False
22-07-2024 10:00,SUWEN,35.06,36.12,35.04,36.04,156749.0,0.08,0.98,0.12,716.67,0.98,104276.0,50.32,True,1,36.12,33.18,36.12,False,False
22-07-2024 10:00,BERA,18.51,18.63,18.43,18.6,2485833.0,0.03,0.09,0.0,2900.0,0.09,834178.4,198.0,True,0,,18.21,19.23,False,False
22-07-2024 10:00,TCELL,111.1,114.6,110.4,114.4,7555367.0,0.2,3.3,0.44,650.0,3.3,1915269.5,294.48,True,0,,108.9,ATH,False,False
22-07-2024 10:00,IPEKE,42.94,43.78,42.94,43.68,1257119.0,0.1,0.74,0.05,1380.0,0.74,417865.6,200.84,True,0,,42.92,45.08,True,True
22-07-2024 10:00,DEVA,76.5,77.3,76.0,77.1,310543.0,0.2,0.6,0.07,700.0,0.6,133607.8,132.43,True,0,,75.55,77.85,False,False
22-07-2024 10:00,XU030,12184.29,12253.83,12121.08,12240.88,470424541.0,12.95,56.59,11.92,374.79,56.59,170495678.4,175.92,True,0,,12077.29,12245.85,False,False
22-07-2024 10:00,RUBNS,32.64,35.28,32.5,34.76,2040392.0,0.52,2.12,0.28,646.48,2.12,566614.8,260.1,True,1,35.28,28.2,35.28,False,False
22-07-2024 10:00,IZENR,22.82,23.1,22.8,23.08,626333.0,0.02,0.26,0.04,519.05,0.26,260905.0,140.06,True,0,,22.58,23.36,False,False
22-07-2024 10:00,ASELS,63.35,64.3,63.25,64.2,11906692.0,0.1,0.85,0.06,1445.45,0.85,2873430.9,314.37,True,0,,62.55,64.85,False,False
22-07-2024 10:00,MOGAN,13.0,14.23,12.99,14.23,15841238.0,0.0,1.23,0.14,797.81,1.23,3655146.8,333.4,True,1,14.23,12.01,ATH,False,False
22-07-2024 10:00,TOASO,302.25,305.0,301.25,304.5,1172123.0,0.5,2.25,0.55,309.09,2.25,331767.5,253.3,True,0,,295.0,318.75,False,False
22-07-2024 10:00,ARCLK,170.1,179.4,170.1,178.2,6374429.0,1.2,8.1,0.71,1040.85,8.1,885645.3,619.75,True,0,,165.5,ATH,False,False
22-07-2024 10:00,VESBE,22.36,23.3,22.1,23.2,3488569.0,0.1,0.84,0.1,707.69,0.84,761474.1,358.13,True,0,,21.84,ATH,False,False
19-07-2024 17:00,BEYAZ,23.58,24.0,23.54,23.98,285726.0,0.02,0.4,0.0,19900.0,0.4,96851.6,195.01,True,0,,23.28,24.54,False,False
19-07-2024 17:00,LRSHO,3.07,3.11,3.05,3.1,1857226.0,0.01,0.03,0.0,900.0,0.03,1000594.7,85.61,True,0,,2.98,3.14,False,False
19-07-2024 17:00,MEKAG,57.2,58.95,57.0,58.8,886026.0,0.15,1.6,0.17,814.29,1.6,250061.3,254.32,True,0,,54.6,ATH,False,False
19-07-2024 17:00,TERA,4.12,4.29,4.12,4.25,2094149.03,0.04,0.13,0.01,851.62,0.13,601869.88,247.94,True,0,,4.05,12.58,False,False
19-07-2024 17:00,HATEK,13.38,13.76,13.32,13.76,444289.0,0.0,0.38,0.02,2433.33,0.38,91745.1,384.26,True,1,13.76,13.0,13.88,False,False
19-07-2024 17:00,ETILR,23.8,24.46,23.38,24.36,569180.0,0.1,0.56,0.1,449.02,0.56,370669.1,53.55,True,0,,20.7,24.74,False,False
19-07-2024 16:00,AYDEM,36.02,36.62,35.88,36.6,382701.0,0.02,0.58,0.09,530.43,0.58,231905.0,65.02,True,0,,35.44,36.84,False,False
19-07-2024 16:00,TEZOL,18.44,18.74,18.39,18.66,680081.0,0.08,0.22,0.02,1194.12,0.22,250144.3,171.88,True,1,18.74,18.25,18.74,False,False
19-07-2024 16:00,ALTNY,92.25,97.85,92.0,97.45,5687679.0,0.4,5.2,0.37,1324.66,5.2,2531530.5,124.67,True,0,,73.3,ATH,False,False
19-07-2024 15:00,KAYSE,27.5,29.2,27.42,29.02,3567268.0,0.18,1.52,0.07,2135.29,1.52,755855.5,371.95,True,1,29.2,27.4,29.2,False,False
19-07-2024 14:00,TTKOM,50.5,51.55,50.5,51.45,4212809.0,0.1,0.95,0.01,18900.0,0.95,1699050.9,147.95,True,0,,49.84,52.1,False,False
19-07-2024 13:00,ECILC,59.7,63.0,59.65,62.9,10854137.0,0.1,3.2,0.74,332.43,3.2,4483226.0,142.11,True,0,,53.75,ATH,False,False
19-07-2024 13:00,TEKTU,5.12,5.23,5.12,5.2,3525569.0,0.03,0.08,0.01,566.67,0.08,1484285.4,137.53,True,0,,5.02,ATH,False,False
19-07-2024 13:00,ISSEN,12.99,13.35,12.9,13.35,761587.0,0.0,0.36,0.02,1340.0,0.36,417634.2,82.36,True,0,,12.85,13.44,False,False
19-07-2024 12:00,MARTI,4.49,4.83,4.48,4.83,17737119.0,0.0,0.34,0.05,608.33,0.34,7465615.9,137.58,True,0,,3.44,ATH,False,False
19-07-2024 11:00,OYAKC,74.95,78.25,74.9,77.5,2556974.0,0.75,2.55,0.17,1400.0,2.55,541971.4,371.79,True,0,,74.8,ATH,False,False
19-07-2024 11:00,SEGYO,4.52,4.63,4.49,4.61,2374344.0,0.02,0.09,0.0,inf,0.09,994996.8,138.63,True,2,4.49,4.49,4.65,False,False
19-07-2024 10:00,KRONT,22.6,23.42,22.38,23.22,436145.0,0.2,0.62,0.04,1376.19,0.62,185017.5,135.73,True,0,,22.32,23.48,False,False
19-07-2024 10:00,ATATP,134.5,141.9,133.6,141.0,615164.0,0.9,6.5,0.58,1020.69,6.5,112118.4,448.67,True,2,133.6,133.6,149.0,True,True
19-07-2024 10:00,IZFAS,50.4,53.5,50.15,52.8,820815.0,0.7,2.4,0.48,404.2,2.4,383183.1,114.21,True,0,,46.02,ATH,False,False
18-07-2024 17:00,TDGYO,11.12,11.48,11.1,11.42,883458.0,0.06,0.3,0.08,275.0,0.3,536996.0,64.52,True,1,11.48,10.5,11.48,False,False
18-07-2024 17:00,INFO,10.45,10.58,10.43,10.57,367661.0,0.01,0.12,0.02,700.0,0.12,178005.5,106.54,True,0,,10.23,ATH,False,False
18-07-2024 17:00,IHYAY,6.55,6.75,6.48,6.73,1450150.0,0.02,0.18,0.04,400.0,0.18,823235.5,76.15,True,1,6.75,6.3,6.75,False,False
18-07-2024 17:00,TSKB,12.96,13.12,12.92,13.1,8357976.0,0.02,0.14,0.03,324.24,0.14,2745923.5,204.38,True,0,,12.57,ATH,False,False
18-07-2024 17:00,MNDTR,7.9,8.08,7.88,8.05,2011849.0,0.03,0.15,0.03,455.56,0.15,658118.6,205.7,True,0,,7.7,ATH,False,False
18-07-2024 16:00,OSTIM,6.56,6.66,6.56,6.65,934251.0,0.01,0.09,0.01,718.18,0.09,491808.4,89.96,True,0,,ATL,ATH,False,False
18-07-2024 16:00,TKNSA,33.0,33.3,32.88,33.22,487912.0,0.08,0.22,0.03,547.06,0.22,320002.3,52.47,True,1,33.3,31.94,33.3,False,False
18-07-2024 16:00,EGGUB,47.9,51.6,47.76,50.85,893377.0,0.75,2.95,0.16,1778.98,2.95,335822.3,166.03,True,0,,46.24,ATH,False,False
18-07-2024 15:00,MTRKS,52.75,54.3,52.7,54.1,447936.0,0.2,1.35,0.12,1025.0,1.35,166512.9,169.01,True,0,,52.6,55.9,False,False
18-07-2024 15:00,EBEBK,49.26,51.25,49.2,51.1,484945.0,0.15,1.84,0.17,988.76,1.84,294204.0,64.83,True,0,,44.36,ATH,False,False
18-07-2024 14:00,FZLGY,12.78,13.31,12.75,13.31,1124210.0,0.0,0.53,0.06,813.79,0.53,358103.1,213.93,True,0,,ATL,ATH,False,False
18-07-2024 13:00,LIDFA,8.39,8.65,8.39,8.62,1446665.0,0.03,0.23,0.03,751.85,0.23,545666.4,165.12,True,0,,8.3,ATH,False,False
18-07-2024 13:00,BARMA,18.86,19.15,18.78,19.09,484623.0,0.06,0.23,0.06,259.37,0.23,152874.6,217.01,True,0,,18.2,ATH,False,False
18-07-2024 12:00,VRGYO,4.94,5.13,4.94,5.09,13952535.0,0.04,0.15,0.05,212.5,0.15,3525508.7,295.76,True,0,,4.52,ATH,False,False
18-07-2024 12:00,NTHOL,40.32,40.96,40.28,40.96,552733.0,0.0,0.64,0.06,966.67,0.64,251788.6,119.52,True,0,,39.84,ATH,False,False
18-07-2024 12:00,DENGE,5.58,5.83,5.57,5.81,2895443.0,0.02,0.23,0.04,422.73,0.23,1370974.3,111.2,True,0,,5.32,5.92,False,False
18-07-2024 11:00,NTGAZ,16.54,16.94,16.5,16.89,359200.0,0.05,0.35,0.06,525.0,0.35,222524.4,61.42,True,0,,15.79,ATH,False,False
18-07-2024 11:00,THYAO,313.75,316.5,313.25,316.25,7034307.0,0.25,2.5,0.62,300.0,2.5,4423057.0,59.04,True,0,,305.75,ATH,False,False
18-07-2024 11:00,ICBCT,16.6,17.29,16.51,17.17,1304524.0,0.12,0.57,0.16,256.25,0.57,497859.3,162.03,True,1,17.29,15.13,17.29,False,False
18-07-2024 10:00,AVHOL,35.94,36.46,35.82,36.34,163932.0,0.12,0.4,0.02,1718.18,0.4,89753.9,82.65,True,0,,35.5,37.8,False,False
18-07-2024 10:00,PENTA,16.15,16.41,16.15,16.36,596237.0,0.05,0.21,0.04,500.0,0.21,247690.6,140.72,True,0,,15.94,16.47,False,False
18-07-2024 10:00,POLHO,13.83,14.45,13.8,14.33,6029585.0,0.12,0.5,0.07,594.44,0.5,867758.6,594.85,True,1,14.45,13.43,14.45,False,False
18-07-2024 10:00,KZBGY,24.64,24.84,24.54,24.8,548219.0,0.04,0.16,0.02,627.27,0.16,314383.9,74.38,True,0,,24.28,25.86,False,False
18-07-2024 10:00,KCAER,48.96,49.76,48.96,49.6,1462936.0,0.16,0.64,0.1,540.0,0.64,449205.7,225.67,True,1,49.76,48.26,49.76,False,False
18-07-2024 10:00,CONSE,5.44,5.5,5.42,5.5,999368.0,0.0,0.06,0.02,252.94,0.06,595812.8,67.73,True,0,,5.29,ATH,False,False
18-07-2024 10:00,AKYHO,8.75,9.0,8.72,8.99,1753265.0,0.01,0.24,0.0,11900.0,0.24,862569.4,103.26,True,0,,8.5,9.03,False,False
18-07-2024 10:00,ESEN,21.48,22.18,21.48,22.18,886033.0,0.0,0.7,0.11,514.04,0.7,253245.9,249.87,True,0,,20.76,ATH,False,False
18-07-2024 10:00,YAYLA,15.95,16.65,15.66,16.45,1054019.0,0.2,0.5,0.09,431.91,0.5,281723.0,274.13,True,0,,14.66,ATH,False,False
18-07-2024 10:00,GSDDE,8.99,9.1,8.98,9.07,461351.0,0.03,0.08,0.01,1233.33,0.08,167235.2,175.87,True,0,,8.87,9.13,False,False
18-07-2024 10:00,GZNMI,34.98,36.06,34.14,36.0,479384.0,0.06,1.02,0.08,1143.9,1.02,103806.4,361.81,True,2,34.14,34.14,ATH,False,False
18-07-2024 10:00,HUBVC,13.24,13.69,13.16,13.6,577140.0,0.09,0.36,0.02,1340.0,0.36,219768.9,162.61,True,2,13.16,13.16,13.91,False,False
18-07-2024 10:00,DGNMO,11.84,12.29,11.82,12.24,674522.0,0.05,0.4,0.02,2005.26,0.4,309645.9,117.84,True,0,,11.31,ATH,False,False
18-07-2024 10:00,KATMR,2.99,3.24,2.98,3.24,127070258.0,0.0,0.25,0.02,1215.79,0.25,31298034.5,306.0,True,1,3.24,2.57,ATH,False,False
18-07-2024 10:00,CEMTS,11.52,11.7,11.52,11.66,2265981.0,0.04,0.14,0.0,13900.0,0.14,688994.8,228.88,True,0,,11.41,11.92,False,False
18-07-2024 10:00,AYEN,32.78,33.6,32.78,33.6,331842.0,0.0,0.82,0.07,1008.11,0.82,88940.0,273.11,True,0,,32.66,33.7,False,False
17-07-2024 17:00,AKSA,145.9,148.8,145.8,148.3,455878.0,0.5,2.4,0.43,458.14,2.4,150390.5,203.13,True,0,,142.4,ATH,False,False
17-07-2024 17:00,OYLUM,10.97,11.1,10.92,11.1,1079113.0,0.0,0.13,0.04,261.11,0.13,379759.8,184.16,True,0,,9.96,ATH,False,False
17-07-2024 17:00,KRDMB,23.48,23.82,23.42,23.8,1017910.0,0.02,0.32,0.07,370.59,0.32,241314.1,321.82,True,0,,22.66,ATH,False,False
17-07-2024 17:00,BNTAS,12.31,12.72,12.22,12.67,2028055.0,0.05,0.36,0.04,757.14,0.36,603296.4,236.16,True,0,,11.25,ATH,False,False
17-07-2024 17:00,OBAMS,35.94,36.98,35.92,36.84,2618389.0,0.14,0.9,0.07,1116.22,0.9,618000.4,323.69,True,0,,35.66,ATH,False,False
17-07-2024 17:00,ISMEN,41.24,41.96,41.08,41.94,1074528.0,0.02,0.7,0.03,2087.5,0.7,518545.8,107.22,True,0,,40.12,42.3,False,False
17-07-2024 16:00,PGSUS,254.5,259.25,254.25,258.5,1187064.0,0.75,4.0,0.12,3100.0,4.0,728945.0,62.85,True,0,,243.4,260.0,False,False
17-07-2024 16:00,BIMAS,587.5,597.0,587.0,596.5,841787.0,0.5,9.0,0.45,1900.0,9.0,434874.9,93.57,True,0,,582.0,ATH,False,False
17-07-2024 16:00,TAVHL,288.0,291.25,287.5,291.0,338295.0,0.25,3.0,0.3,900.0,3.0,186006.8,81.87,True,0,,270.75,ATH,False,False
17-07-2024 16:00,SELVA,14.41,15.09,14.4,15.0,854369.0,0.09,0.59,0.07,793.94,0.59,399219.8,114.01,True,0,,14.2,ATH,False,False
17-07-2024 15:00,KMPUR,57.15,57.55,57.1,57.5,190116.0,0.05,0.35,0.09,288.89,0.35,108342.2,75.48,True,0,,56.15,57.6,False,False
17-07-2024 15:00,BASGZ,32.66,33.32,32.64,33.2,356755.0,0.12,0.54,0.07,718.18,0.54,109632.7,225.41,True,1,33.32,31.12,33.32,False,False
17-07-2024 14:00,TRCAS,29.7,30.48,29.66,30.44,708040.0,0.04,0.74,0.14,428.57,0.74,255513.4,177.1,True,0,,28.68,ATH,False,False
17-07-2024 14:00,GMTAS,10.51,10.77,10.34,10.75,841094.0,0.02,0.24,0.04,548.65,0.24,294945.7,185.17,True,2,10.34,10.34,ATH,False,False
17-07-2024 13:00,QUAGR,3.45,3.51,3.42,3.5,9392835.0,0.01,0.05,0.0,1150.0,0.05,3760045.0,149.81,True,0,,3.38,3.56,False,False
17-07-2024 13:00,AKFYE,24.68,24.94,24.64,24.88,1395117.0,0.06,0.2,0.01,1566.67,0.2,738336.7,88.95,True,0,,24.34,25.3,False,False
17-07-2024 13:00,PEKGY,6.77,6.97,6.77,6.97,9768644.0,0.0,0.2,0.02,852.38,0.2,6219828.4,57.06,True,0,,6.59,ATH,True,False
17-07-2024 12:00,VAKBN,23.38,23.82,23.36,23.82,5714255.0,0.0,0.44,0.03,1471.43,0.44,3388459.7,68.64,True,0,,22.94,ATH,False,False
17-07-2024 12:00,ADESE,2.26,2.33,2.26,2.32,31689416.0,0.01,0.06,0.01,900.0,0.06,9573948.2,231.0,True,0,,ATL,ATH,False,False
17-07-2024 12:00,BEGYO,3.65,3.79,3.65,3.77,4478644.0,0.02,0.12,0.02,500.0,0.12,1604063.5,179.21,True,0,,3.55,ATH,False,False
17-07-2024 12:00,GIPTA,32.24,33.48,32.24,33.3,471400.0,0.18,1.06,0.19,452.08,1.06,260269.8,81.12,True,0,,30.42,ATH,False,False
17-07-2024 12:00,HALKB,18.77,19.39,18.77,19.37,19985261.0,0.02,0.6,0.04,1614.29,0.6,6574932.9,203.96,True,0,,18.64,ATH,False,False
17-07-2024 12:00,ICUGS,15.45,16.39,15.33,16.39,1217638.0,0.0,0.94,0.06,1392.06,0.94,311526.0,290.86,True,0,,14.65,17.44,False,False
17-07-2024 11:00,GEREL,34.98,36.14,34.82,36.14,873906.0,0.0,1.16,0.13,820.63,1.16,239392.7,265.05,True,0,,ATL,36.66,False,False
17-07-2024 11:00,BRKVY,57.4,58.2,57.35,58.15,276454.0,0.05,0.75,0.02,3650.0,0.75,155613.3,77.65,True,0,,55.3,58.45,False,False
17-07-2024 11:00,SEYKM,9.73,10.08,9.66,10.03,3670026.0,0.05,0.3,0.04,631.71,0.3,916609.6,300.39,True,0,,9.15,ATH,False,False
17-07-2024 11:00,VAKFN,3.34,3.38,3.33,3.38,5631625.0,0.0,0.04,0.01,471.43,0.04,2956072.6,90.51,True,0,,3.26,ATH,False,False
17-07-2024 11:00,AVOD,3.53,3.57,3.53,3.57,3081982.0,0.0,0.04,0.0,1900.0,0.04,1381665.3,123.06,True,0,,3.48,3.59,False,False
17-07-2024 10:00,BAYRK,26.42,26.96,26.4,26.82,346670.0,0.14,0.4,0.05,700.0,0.4,137760.7,151.65,True,2,26.4,26.4,27.2,False,False
17-07-2024 10:00,CELHA,33.68,34.88,33.1,34.88,758835.0,0.0,1.2,0.12,900.0,1.2,90869.6,735.08,True,1,34.88,28.4,ATH,False,False
17-07-2024 10:00,OZYSR,26.68,27.1,26.3,27.06,1377677.0,0.04,0.38,0.04,850.0,0.38,496742.6,177.34,True,2,26.3,26.3,28.18,False,False
17-07-2024 10:00,ALTIN,25.88,25.96,25.85,25.94,5406327.0,0.02,0.06,0.02,275.0,0.06,2728422.0,98.15,True,0,,ATL,ATH,False,False
16-07-2024 17:00,KRDMD,31.8,32.16,31.74,32.14,13011695.0,0.02,0.34,0.07,372.22,0.34,4385218.8,196.72,True,0,,31.36,ATH,False,False
16-07-2024 16:00,EREGL,55.65,56.5,55.6,56.35,39102855.0,0.15,0.7,0.07,833.33,0.7,14327632.7,172.92,True,0,,55.05,ATH,False,False
16-07-2024 13:00,AEFES,293.5,303.75,293.5,301.75,779134.0,2.0,8.25,0.88,842.86,8.25,334132.9,133.18,True,0,,285.0,ATH,False,False
16-07-2024 13:00,MERCN,11.93,12.15,11.88,12.11,779848.0,0.04,0.18,0.03,462.5,0.18,246586.7,216.26,True,0,,11.76,12.3,False,False
16-07-2024 13:00,MZHLD,7.83,7.99,7.83,7.98,409307.0,0.01,0.15,0.03,455.56,0.15,136069.4,200.81,True,0,,ATL,ATH,False,False
16-07-2024 12:00,DZGYO,4.81,4.85,4.8,4.84,302740.0,0.01,0.03,0.0,650.0,0.03,147096.5,105.81,True,0,,4.72,ATH,False,False
16-07-2024 11:00,DARDL,6.25,6.36,6.25,6.33,1024510.0,0.03,0.08,0.01,1042.86,0.08,527129.4,94.36,True,1,6.36,6.01,6.36,False,False
16-07-2024 11:00,DMSAS,6.31,6.37,6.29,6.37,651519.0,0.0,0.06,0.01,566.67,0.06,312929.5,108.2,True,0,,6.2,6.44,False,False
16-07-2024 11:00,KIMMR,10.4,10.57,10.38,10.55,468748.0,0.02,0.15,0.01,1566.67,0.15,167567.6,179.74,True,0,,10.01,10.63,False,False
16-07-2024 10:00,FENER,168.7,178.6,168.5,178.2,3051722.0,0.4,9.5,0.86,1004.65,9.5,596111.9,411.94,True,0,,163.8,185.4,False,False
16-07-2024 10:00,MIPAZ,122.4,131.8,122.1,131.3,1239601.0,0.5,8.9,1.47,505.44,8.9,267456.2,363.48,True,1,131.8,109.0,131.8,False,False
16-07-2024 10:00,ULUUN,27.46,28.08,27.3,28.0,398783.0,0.08,0.54,0.07,671.43,0.54,100608.3,296.37,True,2,27.3,27.3,28.04,False,False
16-07-2024 10:00,FRIGO,7.94,8.07,7.9,8.05,341956.0,0.02,0.11,0.02,587.5,0.11,217118.5,57.5,True,0,,7.82,8.08,False,False
16-07-2024 10:00,USAK,19.4,21.34,18.85,21.34,3700246.0,0.0,1.94,0.19,900.0,1.94,984150.2,275.98,True,3,,16.04,ATH,False,False
16-07-2024 10:00,DAPGM,36.18,37.6,36.16,37.36,967522.0,0.24,1.18,0.12,867.21,1.18,309882.5,212.22,True,0,,34.54,ATH,False,False
16-07-2024 10:00,XBANK,15942.79,16271.1,15871.18,16234.27,245685188.0,36.83,291.48,39.11,645.21,291.48,83277172.4,195.02,True,1,16271.1,ATL,16271.1,False,False
16-07-2024 10:00,PENGD,7.63,7.82,7.63,7.82,1096982.0,0.0,0.19,0.03,660.0,0.19,445379.9,146.3,True,0,,7.37,ATH,False,False
16-07-2024 10:00,GARAN,133.4,137.9,133.3,137.3,9161593.0,0.6,3.9,0.25,1460.0,3.9,2954274.3,210.11,True,0,,ATL,ATH,False,False
16-07-2024 10:00,MGROS,562.0,577.0,561.5,574.5,539485.0,2.5,12.5,2.15,481.4,12.5,213824.5,152.3,True,1,577.0,543.0,577.0,False,False
16-07-2024 10:00,ISCTR,17.21,17.74,17.1,17.65,116011393.0,0.09,0.44,0.07,519.72,0.44,42272396.3,174.44,True,1,17.74,ATL,17.74,False,False
16-07-2024 10:00,YESIL,4.79,4.97,4.79,4.97,5354747.0,0.0,0.18,0.02,900.0,0.18,773664.9,592.13,True,1,4.97,ATL,ATH,False,False
16-07-2024 10:00,KLKIM,28.42,29.06,28.4,29.02,943914.0,0.04,0.6,0.08,669.23,0.6,224844.4,319.81,True,0,,28.06,29.2,False,False
16-07-2024 10:00,YKBNK,31.94,32.72,31.88,32.6,46586883.0,0.12,0.66,0.05,1169.23,0.66,13258298.2,251.38,True,0,,30.3,ATH,False,False
16-07-2024 10:00,MAVI,132.9,136.1,131.6,136.1,806997.0,0.0,3.2,0.48,566.67,3.2,202519.5,298.48,True,0,,129.4,ATH,False,False
12-07-2024 17:00,AKSUE,13.07,14.25,12.99,14.11,1462000.0,0.14,1.04,0.11,828.57,1.04,336877.5,333.99,True,1,14.25,ATL,14.25,False,False
12-07-2024 17:00,SNICA,8.0,8.27,7.99,8.26,7610673.0,0.01,0.26,0.03,862.96,0.26,1499187.0,407.65,True,0,,7.85,ATH,False,False
12-07-2024 16:00,KCHOL,231.0,232.7,230.9,232.3,1876119.0,0.4,1.3,0.19,584.21,1.3,1037087.2,80.9,True,0,,222.2,ATH,False,False
12-07-2024 15:00,ANGEN,11.77,11.92,11.77,11.9,240517.0,0.02,0.13,0.01,900.0,0.13,149553.6,60.82,True,0,,11.43,ATH,False,False
12-07-2024 14:00,AKSEN,43.0,43.62,42.98,43.56,610478.0,0.06,0.56,0.01,6900.0,0.56,357746.5,70.65,True,0,,ATL,ATH,False,False
12-07-2024 14:00,ZRGYO,7.48,7.59,7.47,7.57,370800.0,0.02,0.09,0.0,8900.0,0.09,225900.3,64.14,True,1,7.59,7.44,7.59,False,False
12-07-2024 14:00,PRKME,26.0,26.52,25.9,26.5,480461.0,0.02,0.5,0.09,443.48,0.5,201097.6,138.92,True,0,,ATL,ATH,False,False
12-07-2024 11:00,SMART,35.18,36.5,35.12,36.44,575542.0,0.06,1.26,0.05,2233.33,1.26,166740.2,245.17,True,0,,35.0,ATH,False,False
12-07-2024 11:00,ISFIN,16.38,16.56,16.33,16.54,1051352.0,0.02,0.16,0.03,515.38,0.16,696586.3,50.93,True,0,,ATL,ATH,False,False
11-07-2024 17:00,TABGD,193.0,197.1,193.0,196.7,449729.0,0.4,3.7,0.44,740.91,3.7,93202.1,382.53,True,0,,ATL,ATH,False,False
11-07-2024 16:00,DOAS,262.75,265.75,262.75,265.75,387828.0,0.0,3.0,0.45,566.67,3.0,190730.1,103.34,True,0,,ATL,ATH,False,False
11-07-2024 14:00,TMSN,135.8,141.9,135.8,140.5,773521.0,1.4,4.7,0.17,2664.71,4.7,468341.7,65.16,True,0,,ATL,141.7,False,False
11-07-2024 10:00,BIENY,32.72,35.22,32.66,34.74,2442141.0,0.48,2.02,0.19,986.02,2.02,360805.8,576.86,True,0,,32.5,ATH,False,False
11-07-2024 10:00,KLSER,48.66,53.5,48.64,53.5,2277396.0,0.0,4.84,0.42,1063.46,4.84,500743.8,354.8,True,1,53.5,ATL,ATH,False,False
11-07-2024 10:00,KRSTL,6.94,7.06,6.93,7.03,1142696.0,0.03,0.09,0.0,inf,0.09,385483.4,196.43,True,0,,6.89,ATH,False,False
11-07-2024 10:00,TATGD,25.98,26.48,25.96,26.42,529780.0,0.06,0.44,0.05,746.15,0.44,129610.1,308.75,True,0,,25.8,ATH,False,False
11-07-2024 10:00,SISE,49.74,50.4,49.64,50.35,9083282.0,0.05,0.61,0.01,4257.14,0.61,3977399.7,128.37,True,0,,49.44,ATH,False,False
10-07-2024 17:00,SAYAS,65.1,66.25,65.1,66.0,151634.0,0.25,0.9,0.0,inf,0.9,100051.8,51.56,True,0,,64.7,ATH,False,False
10-07-2024 15:00,BJKAS,6.65,7.05,6.64,6.94,10639952.0,0.11,0.29,0.01,4042.86,0.29,4246934.1,150.53,True,1,7.05,ATL,7.05,False,False
10-07-2024 15:00,GSRAY,8.22,8.36,8.19,8.36,10244871.0,0.0,0.14,0.01,1172.73,0.14,3800070.3,169.6,True,0,,ATL,ATH,False,False
