Tarih,Hisse,open,high,low,close,volume,YuksekKapanis_Fark,AcilisKapanis_Fark,AcilisKapanisFark_Ort,AcilisKapanisFark_OrtalamayaGoreDegisim,AcilisKapanisFarkOrt_MaxSon10,HacimOrtalama,%Hacim_HacimOrtalama,Kosul,isPivot,pointpos,destek,direnc
23-01-2024 09:00,OYLUM,8.78,9.07,8.73,9.03,1877970.0,0.04,0.25,0.01,1685.71,0.25,1075298.7,74.65,True,0,,7.85,9.18
23-01-2024 09:00,BARMA,18.5,20.1,18.43,19.82,3720476.0,0.28,1.32,0.07,1759.15,1.32,915614.1,306.34,True,0,,16.24,19.85
23-01-2024 09:00,MAKIM,49.06,52.35,48.98,51.9,564423.0,0.45,2.84,0.49,479.59,2.84,178399.6,216.38,True,0,,44.8,ATH
23-01-2024 09:00,ATATP,132.2,142.8,130.4,141.4,1036245.0,1.4,9.2,1.37,571.53,9.2,486847.2,112.85,True,0,,117.8,143.0
23-01-2024 09:00,DOFER,34.5,37.9,34.48,37.9,2850994.0,0.0,3.4,0.39,780.83,3.4,1582951.8,80.11,True,0,,27.32,ATH
23-01-2024 09:00,SOKM,56.7,59.1,56.45,58.75,6427763.0,0.35,2.05,0.09,2311.76,2.05,2595502.7,147.65,True,0,,52.45,ATH
23-01-2024 09:00,BYDNR,26.5,28.82,26.36,28.82,1423662.0,0.0,2.32,0.15,1467.57,2.32,517729.6,174.98,True,0,,23.34,ATH
23-01-2024 09:00,GIPTA,32.16,33.28,32.16,33.0,1479412.0,0.28,0.84,0.12,600.0,0.84,972933.9,52.06,True,0,,27.68,ATH
23-01-2024 09:00,PNLSN,61.8,67.1,61.35,67.1,732144.0,0.0,5.3,0.67,696.99,5.3,287438.9,154.71,True,0,,53.35,ATH
23-01-2024 09:00,MEPET,8.7,9.05,8.55,9.05,341658.0,0.0,0.35,0.09,306.98,0.35,134137.2,154.71,True,0,,7.4,ATH
23-01-2024 09:00,IDEAS,146.8,157.9,145.0,155.9,263209.0,2.0,9.1,0.53,1616.98,9.1,155890.8,68.84,True,0,,81.55,163.5
23-01-2024 09:00,KLMSN,25.24,26.1,25.16,26.08,528795.0,0.02,0.84,0.08,976.92,0.84,256758.0,105.95,True,0,,21.04,ATH
23-01-2024 09:00,MGROS,388.75,402.25,387.25,401.5,1132478.0,0.75,12.75,2.45,420.41,12.75,599258.7,88.98,True,0,,366.0,ATH
23-01-2024 09:00,GZNMI,29.8,31.2,29.8,30.86,813879.0,0.34,1.06,0.28,281.29,1.06,468336.2,73.78,True,0,,19.0,ATH
23-01-2024 09:00,BIZIM,39.54,40.74,39.54,40.48,256522.0,0.26,0.94,0.21,339.25,0.94,143008.7,79.38,True,0,,38.2,40.5
22-01-2024 17:00,GSDDE,8.72,8.93,8.7,8.92,1653421.0,0.01,0.2,0.04,400.0,0.2,849028.8,94.74,True,0,,8.3,ATH
22-01-2024 17:00,PENGD,6.79,7.09,6.7,7.09,4247385.0,0.0,0.3,0.07,354.55,0.3,1704783.2,149.15,True,0,,5.82,ATH
22-01-2024 17:00,KATMR,2.15,2.23,2.15,2.22,22300269.0,0.01,0.07,0.0,6900.0,0.07,14823158.2,50.44,True,0,,1.98,2.32
22-01-2024 13:00,TARKM,591.5,637.5,589.5,632.5,824510.0,5.0,41.0,2.2,1763.64,41.0,236355.6,248.84,True,0,,582.0,640.5
22-01-2024 13:00,VAKKO,80.9,82.5,80.65,82.1,228443.0,0.4,1.2,0.12,860.0,1.2,133118.4,71.61,True,0,,78.75,83.75
22-01-2024 13:00,METUR,6.72,7.11,6.71,7.11,2702627.0,0.0,0.39,0.06,519.05,0.39,1684420.3,60.45,True,0,,6.37,13.54
22-01-2024 13:00,DERHL,10.74,11.29,10.63,11.23,1393908.0,0.06,0.49,0.1,400.0,0.49,822794.5,69.41,True,0,,6.58,13.99
22-01-2024 13:00,CVKMD,410.5,428.0,409.25,423.25,551757.0,4.75,12.75,0.9,1316.67,12.75,211164.8,161.29,True,0,,390.0,440.25
22-01-2024 13:00,KERVT,10.69,11.2,10.58,11.15,2532680.0,0.05,0.46,0.09,416.85,0.46,1081522.4,134.18,True,0,,9.22,ATH
22-01-2024 13:00,ANHYT,39.88,41.08,39.7,40.98,328676.0,0.1,1.1,0.11,882.14,1.1,209893.7,56.59,True,0,,37.84,41.52
22-01-2024 13:00,ODAS,8.53,8.78,8.53,8.73,43499470.0,0.05,0.2,0.02,769.57,0.2,24933825.3,74.46,True,0,,8.24,9.01
22-01-2024 13:00,BORLS,38.44,40.04,38.08,40.0,2090064.0,0.04,1.56,0.29,445.45,1.56,970697.6,115.32,True,0,,28.16,ATH
22-01-2024 13:00,BINHO,366.75,396.0,365.5,396.0,2953988.0,0.0,29.25,2.55,1047.06,29.25,1108992.9,166.37,True,0,,281.5,ATH
22-01-2024 13:00,ORCAY,10.07,11.22,9.92,10.94,16049141.0,0.28,0.87,0.14,521.43,0.87,3365230.2,376.91,True,0,,8.79,ATH
22-01-2024 13:00,AKGRT,6.35,6.62,6.33,6.62,14569083.0,0.0,0.27,0.02,1400.0,0.27,8745064.8,66.6,True,0,,4.85,ATH
22-01-2024 13:00,IDGYO,4.56,4.9,4.53,4.83,1104436.0,0.07,0.27,0.04,671.43,0.27,374534.8,194.88,True,0,,4.46,5.42
22-01-2024 13:00,EMKEL,18.84,20.68,18.24,20.68,10133258.0,0.0,1.84,0.06,2867.74,1.84,2208518.7,358.83,True,0,,15.33,ATH
22-01-2024 13:00,PEKGY,33.82,35.76,33.8,35.56,5760358.0,0.2,1.74,0.49,255.1,1.74,3040032.0,89.48,True,0,,30.0,ATH
22-01-2024 13:00,PRKAB,31.58,32.42,31.48,32.28,586844.0,0.14,0.7,0.02,3788.89,0.7,278437.7,110.76,True,0,,29.14,32.72
22-01-2024 13:00,AFYON,11.72,12.08,11.72,12.04,7531500.0,0.04,0.32,0.05,611.11,0.32,2530431.0,197.64,True,0,,11.41,12.08
22-01-2024 13:00,ALCTL,98.05,106.9,97.8,106.9,876338.0,0.0,8.85,1.24,613.71,8.85,294117.1,197.96,True,0,,90.55,ATH
22-01-2024 13:00,INDES,6.9,7.14,6.86,7.11,9589267.0,0.03,0.21,0.03,577.42,0.21,3887549.5,146.67,True,0,,5.87,ATH
22-01-2024 13:00,METUR,6.72,7.11,6.71,7.11,2702627.0,0.0,0.39,0.06,519.05,0.39,1684420.3,60.45,True,0,,6.37,13.54
22-01-2024 09:00,IHLGM,1.56,1.63,1.55,1.61,19644479.0,0.02,0.05,0.0,2400.0,0.05,6880485.3,185.51,True,0,,1.24,1.63
22-01-2024 09:00,BURCE,138.9,149.4,137.1,148.8,639784.0,0.6,9.9,0.67,1377.61,9.9,144551.7,342.6,True,0,,133.5,ATH
22-01-2024 09:00,BTCIM,98.3,106.7,97.55,105.7,1363645.0,1.0,7.4,0.91,717.68,7.4,775450.6,75.85,True,0,,91.25,124.6
22-01-2024 09:00,BOSSA,9.48,9.68,9.42,9.66,758597.0,0.02,0.18,0.03,542.86,0.18,457094.8,65.96,True,0,,8.96,10.3
22-01-2024 09:00,GSRAY,6.75,6.84,6.65,6.84,23470474.0,0.0,0.09,0.01,650.0,0.09,8618121.2,172.34,True,0,,6.12,6.86
22-01-2024 09:00,KLSER,65.8,69.3,65.5,68.6,4570632.0,0.7,2.8,0.23,1091.49,2.8,1361816.3,235.63,True,0,,61.2,73.4
22-01-2024 09:00,KMPUR,63.35,65.6,63.2,65.05,1084413.0,0.55,1.7,0.24,608.33,1.7,694925.1,56.05,True,0,,57.65,68.3
22-01-2024 09:00,KLGYO,3.15,3.27,3.15,3.25,13409503.0,0.02,0.1,0.0,inf,0.1,7858850.7,70.63,True,0,,2.68,3.36
22-01-2024 09:00,GUBRF,137.7,145.0,137.6,144.6,7405087.0,0.4,6.9,0.49,1308.16,6.9,3692859.6,100.52,True,0,,134.8,179.4
22-01-2024 09:00,HDFGS,1.86,1.9,1.86,1.9,4645153.0,0.0,0.04,0.01,566.67,0.04,3085434.0,50.55,True,0,,1.73,ATH
22-01-2024 09:00,EKGYO,8.95,9.43,8.93,9.4,224264994.0,0.03,0.45,0.09,411.36,0.45,100316412.5,123.56,True,0,,6.75,ATH
22-01-2024 09:00,TEZOL,18.71,19.42,18.66,19.32,2293457.0,0.1,0.61,0.07,838.46,0.61,766886.5,199.06,True,0,,17.13,ATH
22-01-2024 09:00,KFEIN,93.0,98.75,92.2,98.75,2688408.0,0.0,5.75,0.57,900.0,5.75,970861.5,176.91,True,0,,65.95,ATH
22-01-2024 09:00,EGPRO,149.9,155.2,149.2,155.0,165049.0,0.2,5.1,0.86,493.02,5.1,63518.4,159.84,True,0,,139.0,ATH
22-01-2024 09:00,GEDZA,21.02,22.04,21.02,22.0,478458.0,0.04,0.98,0.11,790.91,0.98,255359.0,87.37,True,0,,18.96,ATH
22-01-2024 09:00,KCAER,31.86,33.74,31.7,33.3,8635881.0,0.44,1.44,0.04,3172.73,1.44,2780201.1,210.62,True,0,,31.38,33.34
22-01-2024 09:00,GARFA,123.0,135.0,122.0,133.2,742318.0,1.8,10.2,2.32,339.66,10.2,444069.1,67.16,True,0,,96.85,ATH
22-01-2024 09:00,DENGE,2.41,2.52,2.41,2.51,11199186.0,0.01,0.1,0.0,3233.33,0.1,5560201.2,101.42,True,0,,2.24,2.58
22-01-2024 09:00,SDTTR,299.0,325.25,295.5,324.25,1254116.0,1.0,25.25,1.38,1736.36,25.25,295126.3,324.94,True,0,,268.0,330.0
22-01-2024 09:00,FORMT,2.94,3.13,2.94,3.13,8466484.0,0.0,0.19,0.02,850.0,0.19,2336577.5,262.35,True,0,,2.78,3.69
22-01-2024 09:00,SELGD,19.64,21.2,19.64,20.88,204852.0,0.32,1.24,0.03,3900.0,1.24,89065.1,130.0,True,0,,19.81,23.78
22-01-2024 09:00,FADE,17.02,18.28,16.92,17.94,4428319.0,0.34,0.92,0.18,419.77,0.92,828743.9,434.34,True,0,,15.01,ATH
22-01-2024 09:00,SUNTK,16.05,16.76,15.98,16.75,882912.0,0.01,0.7,0.07,885.92,0.7,360273.7,145.07,True,0,,15.69,19.95
22-01-2024 09:00,KARSN,8.92,9.07,8.89,9.06,6331450.0,0.01,0.14,0.01,976.92,0.14,3903844.0,62.19,True,0,,8.83,9.11
22-01-2024 09:00,SILVR,14.51,15.2,14.51,15.14,331256.0,0.06,0.63,0.09,624.14,0.63,189679.3,74.64,True,0,,14.1,16.01
22-01-2024 09:00,PAPIL,94.5,104.4,94.45,103.6,1106856.0,0.8,9.1,2.88,215.97,9.1,518803.4,113.35,True,0,,78.0,ATH
22-01-2024 09:00,TKNSA,35.04,36.38,34.96,36.36,2266526.0,0.02,1.32,0.11,1100.0,1.32,1136114.5,99.5,True,0,,29.0,ATH
22-01-2024 09:00,MEGMT,39.3,42.5,38.8,41.74,25267512.0,0.76,2.44,0.2,1132.32,2.44,16245838.3,55.53,True,0,,21.82,ATH
22-01-2024 09:00,AKSUE,22.1,22.86,22.02,22.7,289163.0,0.16,0.6,0.07,757.14,0.6,118971.0,143.05,True,0,,20.64,25.66
22-01-2024 09:00,MTRKS,47.62,51.5,47.62,50.45,751160.0,1.05,2.83,0.57,397.36,2.83,417719.9,79.82,True,0,,39.53,ATH
22-01-2024 09:00,LIDER,59.0,61.85,59.0,61.4,378083.0,0.45,2.4,0.53,357.14,2.4,245954.1,53.72,True,0,,54.3,66.35
22-01-2024 09:00,LIDFA,8.38,8.79,8.38,8.69,3999232.0,0.1,0.31,0.05,474.07,0.31,1903590.3,110.09,True,0,,7.97,9.34
22-01-2024 09:00,NATEN,44.94,46.52,44.46,46.1,1718891.0,0.42,1.16,0.02,4733.33,1.16,705524.9,143.63,True,0,,45.66,52.45
22-01-2024 09:00,VRGYO,30.96,34.04,30.9,34.04,5393350.0,0.0,3.08,0.43,609.68,3.08,2944688.2,83.16,True,0,,19.84,ATH
22-01-2024 09:00,ARCLK,128.7,132.7,128.4,132.6,2472037.0,0.1,3.9,0.01,38900.0,3.9,1134029.5,117.99,True,0,,127.3,135.5
22-01-2024 09:00,AKSGY,12.94,14.01,12.72,13.97,3834981.0,0.04,1.03,0.13,686.26,1.03,1373760.5,179.16,True,0,,11.7,ATH
22-01-2024 09:00,TUCLK,62.5,65.4,61.85,65.3,526632.0,0.1,2.8,0.19,1335.9,2.8,284293.0,85.24,True,0,,59.65,67.0
22-01-2024 09:00,KOZAL,20.14,20.54,20.04,20.46,36709371.0,0.08,0.32,0.0,7900.0,0.32,24261710.1,51.31,True,0,,19.39,21.52
22-01-2024 09:00,ADESE,2.31,2.52,2.3,2.49,71439765.0,0.03,0.18,0.01,1185.71,0.18,23538576.0,203.5,True,0,,1.65,ATH
22-01-2024 09:00,AVTUR,8.19,8.95,8.05,8.89,936558.0,0.06,0.7,0.08,833.33,0.7,341960.7,173.88,True,0,,7.8,8.98
19-01-2024 17:00,EUKYO,15.8,17.57,15.7,17.55,388822.0,0.02,1.75,0.33,436.81,1.75,254097.7,53.02,True,0,,13.26,ATH
19-01-2024 17:00,MZHLD,8.46,8.85,8.42,8.85,1692875.0,0.0,0.39,0.05,729.79,0.39,788918.8,114.58,True,0,,7.51,8.88
19-01-2024 17:00,AYDEM,21.16,22.62,21.16,22.42,2411024.0,0.2,1.26,0.14,800.0,1.26,1351026.9,78.46,True,0,,20.48,ATH
19-01-2024 13:00,FORTE,67.9,75.1,67.8,73.85,5552111.0,1.25,5.95,0.3,1883.33,5.95,931859.9,495.81,True,0,,62.5,74.65
19-01-2024 13:00,SEKFK,16.04,17.19,15.93,17.0,1211119.0,0.19,0.96,0.09,1016.28,0.96,352081.8,243.99,True,0,,15.02,ATH
19-01-2024 13:00,MNDTR,15.03,15.62,15.01,15.54,896971.0,0.08,0.51,0.07,650.0,0.51,339659.4,164.08,True,0,,14.29,15.99
19-01-2024 13:00,IPEKE,33.44,34.6,33.26,34.48,2870447.0,0.12,1.04,0.01,7328.57,1.04,1421047.8,102.0,True,0,,32.4,34.66
19-01-2024 13:00,IHYAY,3.22,3.35,3.19,3.34,4472336.0,0.01,0.12,0.03,344.44,0.12,2696221.1,65.87,True,0,,2.95,3.41
19-01-2024 13:00,FONET,6.87,7.29,6.85,7.19,5130206.0,0.1,0.32,0.01,2809.09,0.32,2816917.8,82.12,True,0,,6.66,7.3
19-01-2024 13:00,MEGAP,4.43,4.55,4.41,4.52,3220469.0,0.03,0.09,0.02,429.41,0.09,2083884.3,54.54,True,0,,4.11,ATH
19-01-2024 13:00,DAGHL,12.94,13.96,12.92,13.79,976380.0,0.17,0.85,0.08,924.1,0.85,232257.0,320.39,True,0,,12.46,14.97
19-01-2024 13:00,AHGAZ,11.37,11.98,11.33,11.96,12240535.0,0.02,0.59,0.13,360.94,0.59,3957845.4,209.27,True,0,,9.98,11.97
19-01-2024 13:00,KOZAA,45.26,47.04,45.0,46.94,6325297.0,0.1,1.68,0.11,1427.27,1.68,3676023.1,72.07,True,0,,41.74,48.98
19-01-2024 13:00,BASGZ,18.45,19.15,18.4,18.98,2101491.0,0.17,0.53,0.1,435.35,0.53,1150487.4,82.66,True,0,,17.5,19.15
19-01-2024 13:00,CEMTS,10.79,11.26,10.77,11.13,7924503.0,0.13,0.34,0.06,448.39,0.34,2860497.5,177.03,True,0,,9.98,ATH
19-01-2024 13:00,KONTR,224.1,232.7,223.7,230.4,2397276.0,2.3,6.3,0.14,4400.0,6.3,1504868.3,59.3,True,0,,222.8,249.5
19-01-2024 13:00,MERCN,13.86,14.55,13.84,14.37,1293973.0,0.18,0.51,0.04,1059.09,0.51,482821.2,168.0,True,0,,13.5,14.51
19-01-2024 13:00,RYGYO,23.7,24.36,23.68,24.28,1830140.0,0.08,0.58,0.04,1350.0,0.58,645052.4,183.72,True,0,,23.52,28.0
19-01-2024 13:00,TRILC,12.1,12.44,12.08,12.42,3154866.0,0.02,0.32,0.04,661.9,0.32,2021294.5,56.08,True,0,,11.19,12.93
19-01-2024 13:00,CIMSA,30.3,31.18,30.24,30.98,5692203.0,0.2,0.68,0.04,1600.0,0.68,3679883.9,54.68,True,0,,28.5,31.94
19-01-2024 09:00,YYAPI,3.4,3.65,3.37,3.65,22390946.0,0.0,0.25,0.03,733.33,0.25,5962133.8,275.55,True,0,,2.99,ATH
19-01-2024 09:00,ERBOS,186.6,204.2,186.6,204.2,867040.0,0.0,17.6,1.61,993.17,17.6,164856.0,425.94,True,0,,178.2,230.8
19-01-2024 09:00,ERCB,115.5,119.4,114.3,119.0,703753.0,0.4,3.5,0.2,1650.0,3.5,337451.9,108.55,True,0,,112.9,119.6
19-01-2024 09:00,AKYHO,4.77,5.13,4.54,5.13,18491543.0,0.0,0.36,0.08,344.44,0.36,4233241.7,336.82,True,0,,4.15,ATH
19-01-2024 09:00,VANGD,14.82,16.19,14.5,16.17,897783.0,0.02,1.35,0.03,5092.31,1.35,362458.7,147.69,True,0,,14.77,16.7
19-01-2024 09:00,AGROT,16.99,18.25,16.79,18.19,11120681.0,0.06,1.2,0.2,497.01,1.2,6841227.5,62.55,True,0,,15.06,ATH
19-01-2024 09:00,ENSRI,33.58,36.2,33.2,35.64,3567197.0,0.56,2.06,0.43,379.07,2.06,1291323.9,176.24,True,0,,25.82,37.2
19-01-2024 09:00,TATEN,36.56,39.98,36.54,39.26,8550838.0,0.72,2.7,0.45,500.0,2.7,5577728.2,53.3,True,0,,29.28,41.48
19-01-2024 09:00,YAYLA,9.55,10.37,9.1,10.37,4796339.0,0.0,0.82,0.19,338.5,0.82,2368436.2,102.51,True,0,,5.92,ATH
19-01-2024 09:00,KGYO,35.38,38.9,34.6,38.66,828487.0,0.24,3.28,0.41,700.0,3.28,160134.6,417.37,True,0,,31.06,39.8
18-01-2024 17:00,JANTS,133.2,137.1,132.3,137.1,384117.0,0.0,3.9,0.34,1047.06,3.9,189325.9,102.89,True,0,,126.0,164.0
18-01-2024 13:00,SASA,34.52,36.82,34.48,36.62,72719201.0,0.2,2.1,0.09,2182.61,2.1,22727562.0,219.96,True,0,,33.76,37.22
18-01-2024 13:00,BEGYO,4.47,4.95,4.47,4.95,61879374.0,0.0,0.48,0.05,900.0,0.48,32557503.2,90.06,True,0,,4.12,5.12
18-01-2024 13:00,AGHOL,220.7,228.6,220.4,227.4,478051.0,1.2,6.7,0.51,1213.73,6.7,191275.4,149.93,True,1,228.6,182.8,228.6
18-01-2024 13:00,NTHOL,24.36,25.22,24.34,25.12,2070491.0,0.1,0.76,0.16,381.01,0.76,1121887.2,84.55,True,0,,21.52,ATH
18-01-2024 13:00,MNDRS,9.1,9.41,9.07,9.34,2893597.0,0.07,0.24,0.01,1900.0,0.24,938465.9,208.33,True,0,,8.8,ATH
18-01-2024 13:00,DAGI,7.58,7.74,7.57,7.72,772015.0,0.02,0.14,0.0,6900.0,0.14,473646.8,62.99,True,0,,7.21,8.0
18-01-2024 13:00,RNPOL,36.6,39.96,36.54,39.32,961946.0,0.64,2.72,0.04,7057.89,2.72,283583.2,239.21,True,0,,36.18,39.58
18-01-2024 13:00,BIGCH,26.76,28.28,26.76,28.06,1648666.0,0.22,1.3,0.18,614.29,1.3,477638.6,245.17,True,0,,22.1,ATH
18-01-2024 09:00,EUPWR,176.5,182.5,173.1,181.4,2594728.0,1.1,4.9,0.6,716.67,4.9,1340596.7,93.55,True,0,,157.3,ATH
18-01-2024 09:00,ICUGS,12.4,13.67,12.1,13.52,1427164.0,0.15,1.12,0.14,705.76,1.12,358000.2,298.65,True,1,13.67,11.0,13.67
18-01-2024 09:00,ALGYO,38.62,40.34,38.62,39.92,1267405.0,0.42,1.3,0.1,1150.0,1.3,428454.4,195.81,True,1,40.34,38.0,40.34
18-01-2024 09:00,POLHO,14.2,14.91,13.88,14.78,7938505.0,0.13,0.58,0.09,574.42,0.58,3421759.0,132.0,True,0,,12.86,ATH
18-01-2024 09:00,FRIGO,6.8,7.18,6.8,7.13,2624348.0,0.05,0.33,0.03,1169.23,0.33,1497552.7,75.24,True,0,,6.65,7.16
18-01-2024 09:00,GSDHO,4.03,4.15,4.02,4.13,19158848.0,0.02,0.1,0.0,1900.0,0.1,9906308.2,93.4,True,0,,3.97,ATH
18-01-2024 09:00,PRZMA,43.34,47.52,43.22,47.52,453139.0,0.0,4.18,0.82,412.25,4.18,135880.0,233.48,True,0,,36.0,ATH
18-01-2024 09:00,OZRDN,49.5,53.35,48.72,53.25,352303.0,0.1,3.75,0.69,447.45,3.75,205840.1,71.15,True,0,,37.0,ATH
18-01-2024 09:00,SOKE,19.73,20.5,19.72,20.3,2568901.0,0.2,0.57,0.18,223.86,0.57,1352037.6,90.0,True,0,,14.53,ATH
18-01-2024 09:00,ASTOR,103.2,110.1,102.0,108.9,15348902.0,1.2,5.7,0.68,738.24,5.7,5881819.8,160.95,True,0,,98.55,110.6
18-01-2024 09:00,SMRTG,59.05,61.2,58.4,60.65,3850256.0,0.55,1.6,0.08,1900.0,1.6,1737617.9,121.58,True,2,58.4,58.4,63.45
18-01-2024 09:00,BJKAS,43.28,44.48,42.64,44.36,262699.0,0.12,1.08,0.14,694.12,1.08,167769.5,56.58,True,0,,41.04,49.98
18-01-2024 09:00,TDGYO,8.35,8.88,8.32,8.8,2267565.0,0.08,0.45,0.08,484.42,0.45,856848.4,164.64,True,0,,7.21,ATH
18-01-2024 09:00,SUWEN,19.74,20.4,19.54,20.4,1234737.0,0.0,0.66,0.05,1220.0,0.66,632665.3,95.16,True,0,,18.77,25.68
18-01-2024 09:00,EGEPO,19.5,20.58,19.36,20.38,1188451.0,0.2,0.88,0.03,2738.71,0.88,436149.9,172.49,True,2,19.36,19.36,20.58
18-01-2024 09:00,OYAKC,59.0,60.85,58.85,60.45,5894577.0,0.4,1.45,0.21,590.48,1.45,3063500.6,92.41,True,0,,56.95,61.7
17-01-2024 13:00,AVPGY,47.16,49.8,47.04,49.8,11722811.0,0.0,2.64,0.44,505.5,2.64,5062666.3,131.55,True,0,,37.6,ATH
17-01-2024 13:00,MARTI,4.41,4.56,4.4,4.55,12133442.0,0.01,0.14,0.03,400.0,0.14,6174937.8,96.49,True,0,,4.02,ATH
17-01-2024 13:00,EGGUB,48.22,49.7,48.1,49.68,361442.0,0.02,1.46,0.2,630.0,1.46,143724.9,151.48,True,0,,43.3,52.2
17-01-2024 13:00,MARBL,16.43,17.58,16.32,17.39,10333649.0,0.19,0.96,0.21,363.77,0.96,4677190.4,120.94,True,0,,13.0,ATH
17-01-2024 13:00,ISSEN,10.7,11.33,10.69,11.17,1444951.0,0.16,0.47,0.1,370.0,0.47,763352.1,89.29,True,1,11.33,9.75,11.33
17-01-2024 13:00,MIPAZ,42.04,44.54,42.04,44.12,481406.0,0.42,2.08,0.25,725.4,2.08,201026.4,139.47,True,0,,39.74,44.8
17-01-2024 13:00,AKFGY,1.88,1.95,1.87,1.93,78603744.0,0.02,0.05,0.0,1150.0,0.05,38485402.2,104.24,True,1,1.95,1.81,1.95
17-01-2024 09:00,LKMNH,45.48,48.06,45.26,48.0,609248.0,0.06,2.52,0.03,8300.0,2.52,332535.2,83.21,True,0,,43.64,66.65
17-01-2024 09:00,BAYRK,29.32,31.78,29.32,31.26,1383417.0,0.52,1.94,0.81,138.33,1.94,909543.6,52.1,True,0,,15.63,ATH
17-01-2024 09:00,RTALB,15.05,16.03,14.86,15.9,10070223.0,0.13,0.85,0.11,679.82,0.85,3658315.0,175.27,True,1,16.03,13.69,16.03
17-01-2024 09:00,TLMAN,86.85,89.35,86.45,88.95,193522.0,0.4,2.1,0.33,546.15,2.1,108142.5,78.95,True,0,,83.2,90.05
17-01-2024 09:00,GOKNR,20.88,21.58,20.68,21.58,2211331.0,0.0,0.7,0.09,644.68,0.7,1343058.8,64.65,True,0,,19.6,22.0
17-01-2024 09:00,KRTEK,32.12,35.28,31.7,34.46,1571451.0,0.82,2.34,0.48,387.5,2.34,500046.4,214.26,True,0,,28.8,ATH
17-01-2024 09:00,BMSCH,19.75,21.18,19.56,21.04,1123405.0,0.14,1.29,0.22,491.74,1.29,369728.3,203.85,True,0,,18.24,ATH
17-01-2024 09:00,ULAS,17.2,18.83,17.13,18.83,525510.0,0.0,1.63,0.31,422.44,1.63,146599.6,258.47,True,0,,14.97,ATH
17-01-2024 09:00,YYLGD,14.1,14.91,14.0,14.88,14947149.0,0.03,0.78,0.15,406.49,0.78,7906719.5,89.04,True,0,,12.14,15.46
17-01-2024 09:00,YGYO,4.11,4.53,4.05,4.48,3490061.0,0.05,0.37,0.1,255.77,0.37,1938073.2,80.08,True,0,,3.18,ATH
17-01-2024 09:00,ANGEN,13.18,13.56,13.12,13.46,2364803.0,0.1,0.28,0.07,305.8,0.28,1070765.8,120.85,True,0,,12.6,13.67
17-01-2024 09:00,YESIL,4.16,4.35,4.12,4.3,5771632.0,0.05,0.14,0.02,483.33,0.14,2866589.4,101.34,True,0,,3.87,4.35
17-01-2024 09:00,MAKTK,5.53,6.06,5.52,6.06,9763760.0,0.0,0.53,0.08,570.89,0.53,1801189.4,442.07,True,0,,5.11,6.35
17-01-2024 09:00,ISGYO,16.96,18.3,16.92,18.25,18428590.0,0.05,1.29,0.3,335.81,1.29,9369238.8,96.69,True,0,,15.24,22.9
17-01-2024 09:00,DZGYO,4.18,4.28,4.17,4.27,1489485.0,0.01,0.09,0.01,542.86,0.09,943255.0,57.91,True,0,,3.87,4.74
17-01-2024 09:00,ECZYT,264.5,273.5,263.25,272.0,432399.0,1.5,7.5,1.72,334.78,7.5,235118.7,83.91,True,0,,248.0,272.75
17-01-2024 09:00,USAK,11.09,12.19,11.06,11.99,8282629.0,0.2,0.9,0.09,911.24,0.9,1354765.4,511.37,True,0,,10.8,ATH
17-01-2024 09:00,DNISI,14.34,15.32,14.22,15.16,2565974.0,0.16,0.82,0.13,516.54,0.82,840694.3,205.22,True,0,,13.34,ATH
17-01-2024 09:00,SKYMD,9.01,9.66,8.92,9.58,16415917.0,0.08,0.57,0.02,2490.91,0.57,8160350.9,101.17,True,0,,6.74,9.85
16-01-2024 17:00,PEGYO,18.04,19.54,18.04,19.53,8229338.0,0.01,1.49,0.01,9833.33,1.49,5205640.9,58.09,True,2,18.04,18.04,22.0
16-01-2024 17:00,KONKA,46.34,51.3,46.12,51.3,1595087.0,0.0,4.96,0.61,710.46,4.96,441003.9,261.69,True,0,,44.0,53.2
16-01-2024 13:00,DOGUB,17.86,19.98,17.71,19.72,8482102.0,0.26,1.86,0.0,inf,1.86,3629684.4,133.69,True,0,,17.4,22.32
16-01-2024 13:00,BVSAN,87.6,91.0,87.3,90.3,444158.0,0.7,2.7,0.26,958.82,2.7,225223.8,97.21,True,0,,83.0,94.95
16-01-2024 13:00,ALMAD,6.83,7.02,6.82,6.99,1555277.0,0.03,0.16,0.0,5233.33,0.16,696345.4,123.35,True,0,,6.55,7.14
16-01-2024 13:00,KNFRT,19.25,20.5,19.15,20.26,2523427.0,0.24,1.01,0.03,3056.25,1.01,483835.6,421.55,True,0,,17.9,ATH
16-01-2024 13:00,METRO,2.4,2.49,2.39,2.47,21012318.0,0.02,0.07,0.01,1300.0,0.07,5368145.8,291.43,True,1,2.49,1.97,2.49
16-01-2024 13:00,SNGYO,3.04,3.18,3.04,3.17,15590692.0,0.01,0.13,0.02,420.0,0.13,8124485.2,91.9,True,0,,2.64,ATH
16-01-2024 13:00,IZFAS,13.93,15.22,13.93,14.98,3658884.0,0.24,1.05,0.1,909.62,1.05,1805054.5,102.7,True,0,,13.68,15.11
16-01-2024 09:00,KBORU,70.5,77.55,68.85,77.55,10984395.0,0.0,7.05,1.06,565.09,7.05,5531521.8,98.58,True,0,,41.5,ATH
16-01-2024 09:00,MANAS,7.81,8.15,7.74,8.13,1183699.0,0.02,0.32,0.06,471.43,0.32,629497.3,88.04,True,0,,7.43,8.86
16-01-2024 09:00,ZRGYO,6.43,6.92,6.36,6.8,9119636.0,0.12,0.37,0.06,527.12,0.37,5351859.2,70.4,True,0,,5.05,ATH
16-01-2024 09:00,ERSU,13.48,14.51,13.13,14.37,811083.0,0.14,0.89,0.12,654.24,0.89,326273.7,148.59,True,0,,11.77,ATH
16-01-2024 09:00,TNZTP,60.0,62.8,59.5,62.35,676270.0,0.45,2.35,0.08,2664.71,2.35,183794.9,267.95,True,0,,58.5,63.7
16-01-2024 09:00,BANVT,109.0,115.4,108.0,113.8,435772.0,1.6,4.8,0.95,405.26,4.8,142168.6,206.52,True,1,115.4,100.9,115.4
16-01-2024 09:00,ULKER,80.25,82.55,80.2,82.45,3188453.0,0.1,2.2,0.18,1089.19,2.2,1614904.7,97.44,True,0,,77.35,82.75
16-01-2024 09:00,SAFKR,36.04,38.1,36.0,38.1,436454.0,0.0,2.06,0.31,564.52,2.06,180231.5,142.16,True,0,,32.22,38.16
16-01-2024 09:00,BRKSN,27.6,30.32,27.6,30.32,2362874.0,0.0,2.72,0.39,590.36,2.72,1410567.6,67.51,True,0,,18.88,30.74
16-01-2024 09:00,DARDL,5.88,6.06,5.82,6.06,10741905.0,0.0,0.18,0.01,1100.0,0.18,2052149.5,423.45,True,0,,5.25,6.07
15-01-2024 17:00,SAMAT,43.64,51.4,43.64,51.0,4450509.0,0.4,7.36,0.07,10122.22,7.36,1299806.0,242.4,True,2,43.64,43.64,54.45
15-01-2024 13:00,EUREN,15.47,16.14,15.39,16.01,11202711.0,0.13,0.54,0.13,302.99,0.54,4545892.2,146.44,True,0,,14.33,16.26
15-01-2024 13:00,ANSGR,68.6,71.4,68.5,71.1,1301963.0,0.3,2.5,0.47,437.63,2.5,822980.4,58.2,True,0,,65.75,ATH
15-01-2024 13:00,IMASM,12.84,13.64,12.63,13.61,11380052.0,0.03,0.77,0.12,552.54,0.77,2417464.0,370.74,True,0,,12.09,ATH
15-01-2024 09:00,CANTE,16.47,16.98,16.47,16.98,10249769.0,0.0,0.51,0.05,900.0,0.51,4462210.8,129.7,True,0,,16.18,17.28
15-01-2024 09:00,BIENY,41.12,43.4,41.08,42.94,1628441.0,0.46,1.82,0.3,502.65,1.82,735586.9,121.38,True,1,43.4,38.84,43.4
15-01-2024 09:00,TTRAK,702.5,727.5,700.5,726.5,388499.0,1.0,24.0,3.65,557.53,24.0,174932.9,122.08,True,0,,675.0,730.5
15-01-2024 09:00,KRDMA,21.26,22.16,21.26,21.94,1085842.0,0.22,0.68,0.19,254.17,0.68,682705.9,59.05,True,1,22.16,20.14,22.16
15-01-2024 09:00,HATEK,12.49,14.03,12.33,14.02,7005573.0,0.01,1.53,0.32,381.13,1.53,3484872.3,101.03,True,0,,10.0,ATH
15-01-2024 09:00,BMSTL,32.8,34.18,32.8,34.18,583270.0,0.0,1.38,0.23,505.26,1.38,376210.0,55.04,True,0,,31.44,ATH
15-01-2024 09:00,TOASO,229.7,235.9,229.7,235.7,2824001.0,0.2,6.0,1.79,235.2,6.0,1799600.3,56.92,True,0,,208.9,ATH
15-01-2024 09:00,BNTAS,6.96,7.18,6.95,7.15,1120818.0,0.03,0.19,0.05,295.83,0.19,691945.0,61.98,True,0,,6.65,ATH
15-01-2024 09:00,KRONT,14.23,14.81,14.23,14.72,711992.0,0.09,0.49,0.05,942.55,0.49,469725.6,51.58,True,0,,13.88,15.49
15-01-2024 09:00,OSTIM,7.0,7.45,7.0,7.39,2313516.0,0.06,0.39,0.06,519.05,0.39,1415325.5,63.46,True,0,,6.62,7.55
15-01-2024 09:00,TRGYO,31.86,33.5,31.76,33.16,2422790.0,0.34,1.3,0.18,606.52,1.3,784503.4,208.83,True,0,,30.98,33.38
15-01-2024 09:00,NTGAZ,17.4,18.15,17.4,18.0,1121876.0,0.15,0.6,0.0,19900.0,0.6,732607.8,53.13,True,0,,17.22,23.48
15-01-2024 09:00,AYEN,24.44,25.36,24.44,25.3,500711.0,0.06,0.86,0.14,497.22,0.86,195702.2,155.85,True,0,,23.48,25.86
15-01-2024 09:00,AZTEK,117.3,127.9,115.1,125.9,315734.0,2.0,8.6,0.32,2587.5,8.6,116974.5,169.92,True,0,,111.0,ATH
15-01-2024 09:00,UNLU,16.56,17.25,16.5,17.2,718093.0,0.05,0.64,0.06,932.26,0.64,242993.7,195.52,True,0,,16.19,17.3
15-01-2024 09:00,AGESA,55.2,57.45,54.75,57.25,368072.0,0.2,2.05,0.46,350.55,2.05,220966.8,66.57,True,1,57.45,52.65,57.45
15-01-2024 09:00,MEKAG,64.45,69.0,63.4,67.85,2147939.0,1.15,3.4,0.76,344.44,3.4,1267742.7,69.43,True,0,,59.0,74.4
15-01-2024 09:00,AKENR,4.34,4.46,4.34,4.45,1900501.0,0.01,0.11,0.01,746.15,0.11,765878.6,148.15,True,0,,4.24,4.47
15-01-2024 09:00,ALKIM,36.06,37.0,35.98,36.88,446254.0,0.12,0.82,0.09,791.3,0.82,262112.8,70.25,True,0,,35.1,37.2
15-01-2024 09:00,VESBE,16.28,16.69,16.2,16.6,2916948.0,0.09,0.32,0.06,451.72,0.32,1644986.4,77.32,True,1,16.69,14.85,16.69
15-01-2024 09:00,VERTU,37.08,38.18,37.08,38.0,298636.0,0.18,0.92,0.18,411.11,0.92,173768.7,71.86,True,0,,33.76,45.7
15-01-2024 09:00,MAGEN,9.76,10.39,9.71,10.27,3678944.0,0.12,0.51,0.05,985.11,0.51,1489545.0,146.98,True,0,,9.24,10.28
15-01-2024 09:00,AYGAZ,135.0,139.9,134.1,139.2,517828.0,0.7,4.2,0.85,394.12,4.2,268601.8,92.79,True,0,,129.8,ATH
15-01-2024 09:00,ASGYO,14.74,15.84,14.74,15.62,5594142.0,0.22,0.88,0.2,344.44,0.88,3586408.4,55.98,True,1,15.84,13.68,15.84
15-01-2024 09:00,ULUUN,27.3,28.2,27.26,28.04,1452287.0,0.16,0.74,0.14,444.12,0.74,661868.1,119.42,True,0,,25.02,28.44
15-01-2024 09:00,ATAKP,47.24,49.9,47.24,49.24,1010023.0,0.66,2.0,0.45,348.43,2.0,520196.1,94.16,True,0,,45.02,51.85
15-01-2024 09:00,AVOD,3.22,3.32,3.21,3.31,3129256.0,0.01,0.09,0.02,462.5,0.09,1888943.6,65.66,True,0,,3.11,3.43
15-01-2024 09:00,MRGYO,4.94,5.37,4.91,5.37,19748534.0,0.0,0.43,0.07,497.22,0.43,5599895.5,252.66,True,0,,4.48,ATH
15-01-2024 09:00,TEKTU,2.96,3.07,2.96,3.07,4103138.0,0.0,0.11,0.01,633.33,0.11,2085857.6,96.71,True,0,,2.91,3.19
15-01-2024 09:00,CONSE,5.11,5.27,5.1,5.26,4024129.0,0.01,0.15,0.02,689.47,0.15,2046627.0,96.62,True,0,,5.01,5.3
15-01-2024 09:00,HATSN,53.1,56.7,53.1,55.95,2638266.0,0.75,2.85,0.56,408.93,2.85,1505157.6,75.28,True,0,,49.3,ATH
15-01-2024 09:00,KCHOL,155.5,163.4,153.8,163.0,19593268.0,0.4,7.5,2.02,271.29,7.5,8998458.3,117.74,True,1,163.4,138.5,163.4
15-01-2024 09:00,ENJSA,48.16,49.54,47.94,49.44,5529700.0,0.1,1.28,0.25,407.94,1.28,3549851.5,55.77,True,0,,44.68,ATH
15-01-2024 09:00,SANFM,43.84,46.24,43.84,45.82,637028.0,0.42,1.98,0.39,405.1,1.98,173781.6,266.57,True,0,,31.8,ATH
15-01-2024 09:00,SANKO,19.44,20.16,19.44,19.97,177991.0,0.19,0.53,0.11,377.48,0.53,92481.5,92.46,True,0,,18.06,22.4
15-01-2024 09:00,INFO,12.7,13.12,12.69,13.08,984053.0,0.04,0.38,0.05,645.1,0.38,528509.0,86.19,True,0,,12.4,13.15
15-01-2024 09:00,GLCVY,36.4,38.44,36.1,38.4,495035.0,0.04,2.0,0.44,350.45,2.0,315224.5,57.04,True,0,,33.1,ATH
15-01-2024 09:00,GLYHO,10.89,11.31,10.79,11.29,8707557.0,0.02,0.4,0.08,370.59,0.4,4421665.3,96.93,True,0,,9.79,ATH
15-01-2024 09:00,GOODY,18.47,19.1,18.47,18.99,1129666.0,0.11,0.52,0.07,687.88,0.52,639978.2,76.52,True,0,,18.09,19.08
15-01-2024 09:00,ESCOM,42.16,45.1,42.16,44.84,348775.0,0.26,2.68,0.34,683.63,2.68,140187.1,148.79,True,0,,40.68,50.5
15-01-2024 09:00,PASEU,54.05,59.4,54.05,59.4,1193022.0,0.0,5.35,0.9,494.44,5.35,432606.7,175.78,True,0,,50.65,59.45
15-01-2024 09:00,SKTAS,4.45,4.71,4.45,4.68,3462989.0,0.03,0.23,0.02,995.24,0.23,1903291.2,81.95,True,0,,4.3,4.73
15-01-2024 09:00,ISYAT,9.84,10.6,9.84,10.42,2802595.0,0.18,0.58,0.06,917.54,0.58,841875.4,232.9,True,0,,9.6,10.5
15-01-2024 09:00,PLTUR,14.8,15.31,14.7,15.17,1661123.0,0.14,0.37,0.02,2076.47,0.37,1074749.9,54.56,True,0,,14.36,15.66
15-01-2024 09:00,IZENR,27.88,30.66,27.88,30.66,10901021.0,0.0,2.78,0.44,528.96,2.78,2923962.5,272.82,True,0,,25.58,ATH
15-01-2024 09:00,PINSU,13.78,14.8,13.78,14.72,1179559.0,0.08,0.94,0.07,1187.67,0.94,384601.0,206.7,True,0,,10.25,ATH
15-01-2024 09:00,TABGD,116.7,124.8,116.5,123.9,3307134.0,0.9,7.2,0.71,914.08,7.2,1167351.7,183.3,True,0,,113.7,ATH
15-01-2024 09:00,HUNER,6.18,6.45,6.18,6.43,3760826.0,0.02,0.25,0.04,575.68,0.25,1585795.6,137.16,True,0,,6.05,6.53
15-01-2024 09:00,ENERY,116.5,128.0,116.5,127.1,2728320.0,0.9,10.6,1.74,509.2,10.6,634544.1,329.97,True,0,,108.5,134.5
15-01-2024 09:00,EDIP,14.85,16.08,14.85,15.98,3375546.0,0.1,1.13,0.14,701.42,1.13,1232790.8,173.81,True,0,,14.4,16.5
15-01-2024 09:00,DYOBY,25.06,25.78,24.76,25.74,692860.0,0.04,0.68,0.06,996.77,0.68,404271.2,71.38,True,0,,24.02,29.44
15-01-2024 09:00,KARTN,71.35,73.2,71.25,72.9,185040.0,0.3,1.55,0.2,675.0,1.55,76283.9,142.57,True,0,,69.9,73.5
12-01-2024 17:00,PSGYO,4.97,5.38,4.95,5.32,25738004.0,0.06,0.35,0.05,600.0,0.35,6980521.0,268.71,True,0,,4.78,5.4
12-01-2024 17:00,BRKVY,49.98,55.0,49.98,55.0,328485.0,0.0,5.02,0.25,1876.38,5.02,112592.9,191.75,True,0,,48.6,59.4
12-01-2024 17:00,IEYHO,4.64,5.02,4.64,4.99,47460845.0,0.03,0.35,0.05,600.0,0.35,10487423.7,352.55,True,0,,4.32,5.25
12-01-2024 17:00,SARKY,26.8,27.4,26.74,27.26,567391.0,0.14,0.46,0.05,751.85,0.46,351588.0,61.38,True,0,,26.28,29.8
12-01-2024 13:00,YKBNK,22.34,23.52,22.26,23.42,340471446.0,0.1,1.08,0.12,831.03,1.08,109542035.4,210.81,True,0,,19.27,23.84
12-01-2024 13:00,PRDGS,6.38,6.59,6.38,6.57,1000974.0,0.02,0.19,0.02,850.0,0.19,562893.9,77.83,True,0,,6.33,6.83
12-01-2024 13:00,VESTL,47.42,48.7,47.4,48.62,2155554.0,0.08,1.2,0.14,782.35,1.2,1236539.7,74.32,True,0,,44.56,51.6
12-01-2024 13:00,VAKFN,4.38,4.89,4.36,4.85,35271502.0,0.04,0.47,0.04,1136.84,0.47,7552958.9,366.99,True,1,4.89,4.32,4.89
12-01-2024 13:00,VKGYO,1.87,1.93,1.87,1.92,19454771.0,0.01,0.05,0.0,inf,0.05,11706670.4,66.19,True,0,,1.85,1.98
12-01-2024 13:00,VKING,25.68,28.46,25.38,27.82,1418920.0,0.64,2.14,0.02,9627.27,2.14,312278.4,354.38,True,0,,24.98,32.3
12-01-2024 13:00,SAHOL,67.4,69.85,67.35,69.55,23309999.0,0.3,2.15,0.74,188.59,2.15,13933424.0,67.3,True,0,,58.7,ATH
12-01-2024 13:00,SKBNK,4.54,4.76,4.53,4.75,61862275.0,0.01,0.21,0.03,556.25,0.21,39739248.6,55.67,True,0,,3.96,6.93
12-01-2024 13:00,PGSUS,704.5,725.5,704.0,723.5,1430372.0,2.0,19.0,0.55,3354.55,19.0,721304.6,98.3,True,0,,638.0,729.5
12-01-2024 13:00,PETKM,19.71,20.52,19.68,20.46,42509053.0,0.06,0.75,0.04,1604.55,0.75,25551313.0,66.37,True,0,,16.96,ATH
12-01-2024 13:00,SISE,47.02,48.36,46.98,48.2,24195728.0,0.16,1.18,0.13,807.69,1.18,11122538.5,117.54,True,0,,46.92,48.68
12-01-2024 13:00,THYAO,243.1,254.75,242.6,253.75,26902567.0,1.0,10.65,0.82,1206.75,10.65,13267877.1,102.76,True,1,254.75,221.6,254.75
12-01-2024 13:00,TUPRS,139.4,142.0,139.2,141.7,10689616.0,0.3,2.3,0.24,858.33,2.3,6667401.0,60.33,True,0,,137.1,142.2
12-01-2024 13:00,NIBAS,16.61,17.48,16.61,17.39,789881.0,0.09,0.78,0.05,1525.0,0.78,291934.4,170.57,True,0,,16.25,17.59
12-01-2024 13:00,TTKOM,26.38,28.76,26.26,28.74,44554134.0,0.02,2.36,0.2,1056.86,2.36,18581820.1,139.77,True,2,26.26,26.26,ATH
12-01-2024 13:00,OFSYM,47.4,50.6,47.34,50.6,1995420.0,0.0,3.2,0.64,398.44,3.2,659589.7,202.52,True,0,,40.94,ATH
12-01-2024 13:00,TSKB,7.36,7.67,7.34,7.64,26335749.0,0.03,0.28,0.04,522.22,0.28,13250363.0,98.75,True,1,7.67,5.99,7.67
12-01-2024 13:00,PARSN,90.5,93.65,90.45,93.15,214347.0,0.5,2.65,0.1,2423.81,2.65,123658.3,73.34,True,0,,89.2,97.0
12-01-2024 13:00,TAVHL,118.4,123.3,118.3,123.0,2697930.0,0.3,4.6,0.56,721.43,4.6,1187383.8,127.22,True,0,,99.95,ATH
12-01-2024 13:00,OZGYO,5.17,5.3,5.14,5.27,1125120.0,0.03,0.1,0.01,669.23,0.1,603028.3,86.58,True,0,,5.07,5.36
12-01-2024 13:00,TCELL,59.5,62.45,59.35,62.15,30487464.0,0.3,2.65,0.04,6525.0,2.65,11275663.5,170.38,True,2,59.35,59.35,63.0
12-01-2024 13:00,TKFEN,36.74,38.2,36.7,38.02,4006123.0,0.18,1.28,0.15,753.33,1.28,2046826.7,95.72,True,0,,36.12,38.58
12-01-2024 13:00,XU100,7825.4,8081.69,7816.33,8069.64,1786032669.0,12.05,244.24,27.91,775.26,244.24,944768676.5,89.04,True,0,,7386.99,ATH
12-01-2024 13:00,EYGYO,9.27,9.68,9.25,9.6,1508729.0,0.08,0.33,0.0,16400.0,0.33,729764.2,106.74,True,0,,9.0,10.42
12-01-2024 13:00,CCOLA,482.0,505.0,480.0,499.25,556133.0,5.75,17.25,1.23,1308.16,17.25,253132.1,119.7,True,0,,472.5,524.0
12-01-2024 13:00,ISCTR,25.14,26.86,25.06,26.8,236900923.0,0.06,1.66,0.16,964.1,1.66,95467539.0,148.15,True,1,26.86,22.2,26.86
12-01-2024 13:00,KLKIM,21.72,22.96,21.62,22.86,2759001.0,0.1,1.14,0.25,359.68,1.14,929716.9,196.76,True,0,,19.35,23.6
12-01-2024 13:00,GEREL,22.66,23.36,22.56,23.2,926366.0,0.16,0.54,0.01,8900.0,0.54,568061.0,63.08,True,0,,22.0,23.86
12-01-2024 13:00,GEDIK,13.0,13.22,12.98,13.18,377843.0,0.04,0.18,0.0,4400.0,0.18,233386.0,61.9,True,0,,12.8,13.73
12-01-2024 13:00,KORDS,78.65,80.15,78.55,79.9,558450.0,0.25,1.25,0.17,614.29,1.25,218771.5,155.27,True,0,,77.25,80.5
12-01-2024 13:00,GARAN,66.3,69.2,66.05,69.0,36863722.0,0.2,2.7,0.66,306.02,2.7,18504409.0,99.22,True,1,69.2,55.0,69.2
12-01-2024 13:00,KRDMD,25.3,26.56,25.26,26.44,30969656.0,0.12,1.14,0.2,475.76,1.14,20559636.8,50.63,True,0,,22.04,ATH
12-01-2024 13:00,EGSER,3.5,3.58,3.5,3.56,2221566.0,0.02,0.06,0.01,757.14,0.06,1221012.4,81.94,True,0,,3.35,3.57
12-01-2024 13:00,DGGYO,30.4,31.22,30.4,31.18,149646.0,0.04,0.78,0.09,806.98,0.78,96120.5,55.69,True,0,,30.0,35.0
12-01-2024 13:00,DOHOL,11.9,12.36,11.89,12.32,18381758.0,0.04,0.42,0.02,2370.59,0.42,11036087.4,66.56,True,0,,10.36,ATH
12-01-2024 13:00,BUCIM,7.1,7.36,7.09,7.33,10413296.0,0.03,0.23,0.02,1110.53,0.23,4445971.6,134.22,True,0,,7.06,7.48
12-01-2024 13:00,BIMAS,326.75,337.5,326.25,336.0,3032409.0,1.5,9.25,1.85,400.0,9.25,1609038.1,88.46,True,0,,289.75,ATH
12-01-2024 13:00,ALBRK,3.87,4.01,3.86,3.99,24718418.0,0.02,0.12,0.0,2300.0,0.12,9829702.1,151.47,True,0,,3.84,4.05
12-01-2024 13:00,ALARK,92.5,95.15,92.35,95.05,2481086.0,0.1,2.55,0.23,985.11,2.55,1519272.9,63.31,True,0,,84.8,95.95
12-01-2024 13:00,AKCNS,148.1,156.8,148.1,155.0,934203.0,1.8,6.9,0.8,762.5,6.9,386165.3,141.92,True,1,156.8,147.1,156.8
12-01-2024 13:00,AKBNK,41.6,44.26,41.54,44.12,107097438.0,0.14,2.52,0.3,745.64,2.52,51916154.7,106.29,True,1,44.26,34.86,44.26
12-01-2024 13:00,AEFES,129.1,134.6,128.9,134.6,2053768.0,0.0,5.5,0.76,623.68,5.5,1189550.7,72.65,True,0,,122.2,140.0
12-01-2024 13:00,ISFIN,11.75,12.7,11.73,12.46,9896282.0,0.24,0.71,0.07,900.0,0.71,3298341.2,200.04,True,1,12.7,10.79,12.7
12-01-2024 09:00,CATES,50.7,55.75,50.0,55.75,11653712.0,0.0,5.05,0.8,530.46,5.05,5003578.8,132.91,True,0,,39.7,91.95
12-01-2024 09:00,OZSUB,25.0,27.5,22.72,27.02,1860098.0,0.48,2.02,0.1,1961.22,2.02,349227.1,432.63,True,2,22.72,22.72,31.1
12-01-2024 09:00,EKSUN,58.8,60.85,58.25,60.6,283787.0,0.25,1.8,0.03,7100.0,1.8,143128.9,98.27,True,0,,58.1,60.95
12-01-2024 09:00,ETILR,12.73,14.01,12.6,13.89,2055151.0,0.12,1.16,0.15,694.52,1.16,351831.8,484.13,True,0,,12.26,15.6
12-01-2024 09:00,TUKAS,6.92,7.23,6.81,7.21,13984589.0,0.02,0.29,0.0,28900.0,0.29,4096994.7,241.34,True,2,6.81,6.81,7.25
12-01-2024 09:00,ANELE,12.06,13.0,11.8,12.86,2021780.0,0.14,0.8,0.18,349.44,0.8,727086.1,178.07,True,0,,10.91,12.92
12-01-2024 09:00,RALYH,86.65,90.75,84.5,90.75,903478.0,0.0,4.1,0.37,1008.11,4.1,180890.5,399.46,True,0,,68.95,ATH
12-01-2024 09:00,PKENT,220.8,239.3,217.2,238.6,438227.0,0.7,17.8,1.4,1171.43,17.8,146798.8,198.52,True,0,,213.0,251.5
12-01-2024 09:00,MERKO,9.0,9.57,9.0,9.45,1398178.0,0.12,0.45,0.09,411.36,0.45,652196.2,114.38,True,0,,6.94,9.5
12-01-2024 09:00,IZMDC,5.64,6.0,5.6,5.91,21467973.0,0.09,0.27,0.02,1025.0,0.27,6156105.9,248.73,True,0,,5.4,ATH
12-01-2024 09:00,KUYAS,54.05,58.65,54.05,57.45,1235693.0,1.2,3.4,0.28,1136.36,3.4,697845.8,77.07,True,0,,53.0,70.25
12-01-2024 09:00,KZBGY,20.68,22.34,20.68,22.34,6250412.0,0.0,1.66,0.36,361.11,1.66,1744821.1,258.23,True,0,,16.65,ATH
11-01-2024 13:00,KAREL,12.88,13.5,12.82,13.37,5291260.0,0.13,0.49,0.13,279.84,0.49,1756735.8,201.2,True,0,,11.53,ATH
11-01-2024 13:00,MERIT,73.7,78.65,73.55,77.6,476017.0,1.05,3.9,0.72,441.67,3.9,83556.6,469.69,True,0,,59.4,ATH
11-01-2024 13:00,KRGYO,37.5,39.6,36.78,39.6,584075.0,0.0,2.1,0.59,255.93,2.1,209395.1,178.93,True,0,,25.66,ATH
11-01-2024 13:00,SURGY,35.38,38.66,35.04,38.26,8882341.0,0.4,2.88,0.51,462.5,2.88,4654704.9,90.83,True,0,,28.84,ATH
11-01-2024 13:00,GRTRK,48.6,51.85,47.6,51.8,1368869.0,0.05,3.2,0.37,760.22,3.2,599145.3,128.47,True,0,,35.58,ATH
11-01-2024 13:00,VKFYO,30.9,32.96,30.9,32.54,416812.0,0.42,1.64,0.47,251.93,1.64,235490.1,77.0,True,0,,23.8,ATH
11-01-2024 09:00,IHGZT,1.27,1.33,1.27,1.32,20750886.0,0.01,0.05,0.01,614.29,0.05,8438320.9,145.91,True,0,,1.19,1.34
11-01-2024 09:00,FENER,112.5,118.4,112.5,117.8,2391538.0,0.6,5.3,1.53,246.41,5.3,1303010.7,83.54,True,0,,85.7,ATH
11-01-2024 09:00,GWIND,23.36,24.28,23.36,24.16,4358016.0,0.12,0.8,0.07,1042.86,0.8,2181604.7,99.76,True,0,,20.86,ATH
11-01-2024 09:00,HTTBT,60.4,61.55,60.0,61.4,134152.0,0.15,1.0,0.24,325.53,1.0,86912.7,54.35,True,0,,50.95,61.75
11-01-2024 09:00,SEGYO,7.15,7.51,7.08,7.48,11766652.0,0.03,0.33,0.08,334.21,0.33,4815153.2,144.37,True,0,,6.46,ATH
11-01-2024 09:00,MAVI,119.6,128.1,119.5,126.7,3615035.0,1.4,7.1,1.18,501.69,7.1,1037912.1,248.3,True,0,,111.9,ATH
10-01-2024 17:00,ARASE,59.95,61.8,59.75,61.4,430965.0,0.4,1.45,0.16,806.25,1.45,233683.4,84.42,True,0,,56.35,64.5
10-01-2024 17:00,BRKO,3.32,3.41,3.32,3.41,186367.0,0.0,0.09,0.02,429.41,0.09,103899.0,79.37,True,0,,3.3,3.8
10-01-2024 13:00,RYSAS,30.38,31.24,30.22,31.0,249705.0,0.24,0.62,0.12,425.42,0.62,141645.3,76.29,True,0,,24.54,31.22
10-01-2024 13:00,FROTO,756.0,772.0,750.0,771.5,800937.0,0.5,15.5,1.0,1450.0,15.5,520711.7,53.82,True,0,,733.5,782.5
10-01-2024 13:00,REEDR,23.8,25.7,23.8,25.7,33073754.0,0.0,1.9,0.3,537.58,1.9,12000626.5,175.6,True,0,,19.14,26.8
10-01-2024 13:00,DEVA,78.85,80.3,78.45,79.95,386145.0,0.35,1.1,0.01,7233.33,1.1,136402.7,183.09,True,0,,70.05,81.7
10-01-2024 09:00,BRLSM,24.4,26.62,24.26,26.52,6508327.0,0.1,2.12,0.29,641.26,2.12,2771336.6,134.84,True,0,,23.08,27.2
10-01-2024 09:00,EREGL,42.94,45.24,42.7,45.0,76031295.0,0.24,2.06,0.23,795.65,2.06,26845031.5,183.22,True,0,,40.92,ATH
10-01-2024 09:00,ENKAI,33.7,35.12,33.6,35.02,16382057.0,0.1,1.32,0.13,885.07,1.32,7325009.4,123.65,True,0,,32.42,37.9
10-01-2024 09:00,ISDMR,35.5,36.76,35.08,36.54,3251825.0,0.22,1.04,0.08,1138.1,1.04,822897.4,295.17,True,0,,34.04,ATH
10-01-2024 09:00,GESAN,71.15,74.9,71.15,74.2,9495179.0,0.7,3.05,0.19,1505.26,3.05,2131253.0,345.52,True,1,74.9,66.5,74.9
10-01-2024 09:00,EKOS,48.0,52.8,47.22,52.8,6568175.0,0.0,4.8,1.11,332.43,4.8,4274608.3,53.66,True,0,,29.52,ATH
09-01-2024 17:00,DITAS,15.53,16.88,15.39,16.88,240248.0,0.0,1.35,0.18,667.05,1.35,122985.8,95.35,True,0,,14.0,18.07
09-01-2024 17:00,CWENE,291.25,325.0,290.75,316.25,1085679.0,8.75,25.0,0.57,4247.83,25.0,605637.2,79.26,True,1,325.0,227.0,325.0
09-01-2024 13:00,OZKGY,8.13,8.46,8.11,8.37,6403943.0,0.09,0.24,0.08,220.0,0.24,3359775.9,90.61,True,0,,7.36,ATH
09-01-2024 09:00,CEMAS,4.66,5.12,4.55,5.12,39972591.0,0.0,0.46,0.06,666.67,0.46,9998663.7,299.78,True,1,5.12,3.83,ATH
09-01-2024 09:00,MARKA,39.0,42.9,39.0,42.4,295339.0,0.5,3.4,1.13,200.88,3.4,151609.2,94.8,True,0,,29.8,ATH
08-01-2024 13:00,ISMEN,31.5,32.94,31.38,32.58,5121884.0,0.36,1.08,0.05,2060.0,1.08,1743603.1,193.75,True,1,32.94,28.6,32.94
08-01-2024 09:00,AKSEN,30.18,32.02,30.12,31.66,8385942.0,0.36,1.48,0.14,957.14,1.48,2166209.3,287.13,True,0,,28.84,32.26
08-01-2024 09:00,TSPOR,2.55,2.76,2.55,2.76,32224062.0,0.0,0.21,0.02,1212.5,0.21,9324943.5,245.57,True,0,,2.42,3.01
08-01-2024 09:00,ASUZU,67.9,71.17,67.6,70.6,529806.53,0.57,2.7,0.07,3581.82,2.7,345797.75,53.21,True,0,,60.2,75.57
08-01-2024 09:00,ICBCT,16.84,18.0,16.5,17.86,732734.0,0.14,1.02,0.2,410.0,1.02,341534.2,114.54,True,0,,13.59,18.94
08-01-2024 09:00,AGYO,9.02,9.35,8.99,9.29,1540386.0,0.06,0.27,0.03,800.0,0.27,996909.1,54.52,True,0,,7.73,9.5
08-01-2024 09:00,INVEO,42.76,44.64,42.64,44.36,678366.0,0.28,1.6,0.02,7900.0,1.6,263226.1,157.71,True,0,,40.48,47.42
05-01-2024 17:00,KARYE,22.96,24.92,22.9,24.92,1326153.0,0.0,1.96,0.13,1362.69,1.96,256443.3,417.13,True,0,,20.0,27.7
05-01-2024 13:00,HEDEF,29.8,32.0,29.7,31.6,557785.0,0.4,1.8,0.28,547.48,1.8,176531.4,215.97,True,1,32.0,26.4,32.0
05-01-2024 13:00,AKFYE,14.79,15.99,14.75,15.89,10476045.0,0.1,1.1,0.09,1122.22,1.1,3100997.9,237.83,True,0,,12.84,16.27
05-01-2024 13:00,LOGO,74.95,79.55,74.5,78.8,1265568.0,0.75,3.85,0.41,839.02,3.85,431948.2,192.99,True,0,,67.05,ATH
05-01-2024 09:00,RUBNS,23.32,24.38,23.32,24.12,380579.0,0.26,0.8,0.19,325.53,0.8,203787.9,86.75,True,0,,19.97,29.74
05-01-2024 09:00,ZOREN,4.29,4.67,4.29,4.58,177804046.0,0.09,0.29,0.03,866.67,0.29,45420431.2,291.46,True,1,4.67,4.16,4.67
05-01-2024 09:00,IHEVA,2.2,2.35,2.2,2.35,4691985.0,0.0,0.15,0.02,689.47,0.15,1905209.1,146.27,True,0,,2.09,2.74
05-01-2024 09:00,KTSKR,65.15,68.65,65.0,67.95,394668.0,0.7,2.8,0.38,646.67,2.8,117629.8,235.52,True,1,68.65,62.05,68.65
05-01-2024 09:00,KRSTL,12.9,14.19,12.68,14.19,7116108.0,0.0,1.29,0.21,523.19,1.29,2465563.3,188.62,True,0,,9.55,ATH
04-01-2024 17:00,ARENA,31.44,33.88,31.4,33.88,522165.0,0.0,2.44,0.21,1061.9,2.44,302595.5,72.56,True,0,,30.6,37.48
04-01-2024 13:00,VAKBN,13.28,13.9,13.19,13.77,35293320.0,0.13,0.49,0.12,304.96,0.49,14675141.4,140.5,True,0,,11.96,14.59
04-01-2024 13:00,HALKB,11.64,12.09,11.59,11.98,36291354.0,0.11,0.34,0.01,6700.0,0.34,12711156.2,185.51,True,0,,11.53,13.13
04-01-2024 13:00,KLSYN,4.93,5.09,4.87,5.06,921935.0,0.03,0.13,0.0,2500.0,0.13,549627.7,67.74,True,0,,4.71,5.47
04-01-2024 13:00,BERA,11.07,11.5,10.99,11.42,3996710.0,0.08,0.35,0.02,2087.5,0.35,2221699.8,79.89,True,0,,10.88,11.74
04-01-2024 09:00,PAMEL,121.8,131.1,118.4,129.2,338533.0,1.9,7.4,2.57,187.94,7.4,190588.7,77.62,True,0,,90.75,144.5
04-01-2024 09:00,ALKA,27.4,29.18,27.34,28.74,945526.0,0.44,1.34,0.29,362.07,1.34,414589.2,128.06,True,0,,24.22,29.3
04-01-2024 09:00,TATGD,32.6,33.58,32.34,33.58,709773.0,0.0,0.98,0.1,880.0,0.98,471013.4,50.69,True,2,32.34,32.34,36.5
04-01-2024 09:00,BIOEN,17.3,18.66,17.3,18.66,2418899.0,0.0,1.36,0.17,704.73,1.36,1426161.5,69.61,True,0,,16.02,19.2
02-01-2024 13:00,TURSG,40.54,42.34,40.4,42.24,2306824.0,0.1,1.7,0.42,306.7,1.7,1297647.9,77.77,True,0,,35.16,ATH
02-01-2024 13:00,PRKME,20.18,20.86,20.16,20.78,823858.0,0.08,0.6,0.17,259.28,0.6,354892.0,132.14,True,0,,17.49,ATH
02-01-2024 13:00,GENIL,47.24,49.36,47.16,49.08,964969.0,0.28,1.84,0.46,300.0,1.84,409263.9,135.78,True,0,,42.8,49.64
02-01-2024 09:00,ACSEL,106.0,116.8,105.8,115.4,631817.0,1.4,9.4,2.1,347.62,9.4,322995.0,95.61,True,0,,89.75,ATH
02-01-2024 09:00,GENTS,7.88,8.17,7.85,8.15,684803.0,0.02,0.27,0.06,382.14,0.27,330852.2,106.98,True,0,,7.19,ATH
02-01-2024 09:00,KRDMB,19.18,19.64,19.15,19.63,454257.0,0.01,0.45,0.13,251.56,0.45,245808.8,84.8,True,0,,18.05,ATH
02-01-2024 09:00,AVGYO,8.99,9.44,8.7,9.44,2572044.0,0.0,0.45,0.13,254.33,0.45,694152.3,270.53,True,0,,6.8,ATH
02-01-2024 09:00,MEDTR,27.84,30.0,27.3,29.62,926683.0,0.38,1.78,0.37,375.94,1.78,402542.9,130.21,True,0,,24.34,30.8
02-01-2024 09:00,BRSAN,591.0,650.0,591.0,650.0,987508.0,0.0,59.0,10.25,475.61,59.0,565682.6,74.57,True,0,,463.0,676.0
02-01-2024 09:00,ARSAN,10.32,10.76,10.32,10.64,473897.0,0.12,0.32,0.08,315.58,0.32,274711.1,72.51,True,0,,9.2,10.7
02-01-2024 09:00,MOBTL,3.71,3.81,3.67,3.8,4684724.0,0.01,0.09,0.0,2900.0,0.09,2821646.5,66.03,True,0,,3.54,5.75
02-01-2024 09:00,SMART,28.6,30.96,28.1,30.8,990993.0,0.16,2.2,0.02,10900.0,2.2,540858.1,83.23,True,0,,27.18,38.98
02-01-2024 09:00,PCILT,32.1,34.3,32.1,33.88,1162699.0,0.42,1.78,0.19,836.84,1.78,764470.1,52.09,True,0,,28.1,34.98
02-01-2024 09:00,VBTYZ,118.5,128.4,118.5,126.5,377448.0,1.9,8.0,1.86,330.11,8.0,203939.1,85.08,True,0,,106.8,155.6
02-01-2024 09:00,DESA,17.31,18.15,17.31,17.94,535707.0,0.21,0.63,0.13,400.0,0.63,337590.6,58.69,True,0,,16.45,19.6
02-01-2024 09:00,YAPRK,212.5,233.4,212.5,228.0,130475.0,5.4,15.5,1.07,1348.6,15.5,80912.0,61.26,True,0,,197.7,265.5
02-01-2024 09:00,PENTA,18.0,18.71,18.0,18.57,1259298.0,0.14,0.57,0.12,391.38,0.57,833836.0,51.02,True,0,,16.5,20.2
29-12-2023 17:00,ALTIN,22.6,23.49,22.56,23.49,22395749.0,0.0,0.89,0.16,439.39,0.89,8444096.7,165.22,True,1,23.49,20.52,ATH
29-12-2023 17:00,GLRYH,10.36,10.87,10.31,10.87,1418507.0,0.0,0.51,0.11,381.13,0.51,681867.1,108.03,True,0,,9.4,ATH
29-12-2023 17:00,AKSA,96.5,103.0,96.25,103.0,1883408.0,0.0,6.5,1.99,226.63,6.5,653974.1,187.99,True,1,103.0,79.0,ATH
29-12-2023 17:00,DOAS,236.8,257.0,236.8,257.0,678644.0,0.0,20.2,2.44,727.87,20.2,372883.9,82.0,True,0,,224.3,ATH
29-12-2023 13:00,KAYSE,33.04,34.8,33.04,34.38,1897888.0,0.42,1.34,0.26,415.38,1.34,1079695.1,75.78,True,0,,31.0,39.76
29-12-2023 13:00,BAGFS,31.3,33.42,31.16,32.98,794072.0,0.44,1.68,0.18,833.33,1.68,361047.2,119.94,True,0,,29.9,37.54
29-12-2023 13:00,DMSAS,7.83,8.3,7.77,8.21,356522.0,0.09,0.38,0.05,660.0,0.38,147056.7,142.44,True,0,,7.29,8.3
29-12-2023 09:00,ONCSM,136.3,147.3,133.0,145.6,288941.0,1.7,9.3,1.37,578.83,9.3,132821.5,117.54,True,0,,127.6,155.8
29-12-2023 09:00,KOPOL,39.18,41.02,38.48,41.0,758393.0,0.02,1.82,0.34,429.07,1.82,413770.5,83.29,True,0,,36.3,43.12
29-12-2023 09:00,TRCAS,17.79,19.3,17.63,19.3,2191317.0,0.0,1.51,0.21,608.92,1.51,615635.5,255.94,True,0,,16.26,19.65
29-12-2023 09:00,SNICA,30.44,32.22,30.24,32.14,1486911.0,0.08,1.7,0.42,300.94,1.7,799159.7,86.06,True,0,,27.84,33.1
29-12-2023 09:00,BSOKE,10.84,11.31,10.3,11.28,1071805.0,0.03,0.44,0.04,1089.19,0.44,540745.7,98.21,True,0,,10.22,13.35
29-12-2023 09:00,ISGSY,21.02,22.22,20.9,22.0,394108.0,0.22,0.98,0.1,900.0,0.98,212972.9,85.05,True,0,,20.04,24.4
29-12-2023 09:00,GMTAS,7.01,7.17,6.96,7.15,917035.0,0.02,0.14,0.02,723.53,0.14,493904.2,85.67,True,0,,6.7,ATH
28-12-2023 17:00,EBEBK,68.25,73.95,67.8,73.95,873971.0,0.0,5.7,0.54,945.87,5.7,352801.9,147.72,True,0,,65.35,ATH
28-12-2023 09:00,ETYAT,7.75,8.52,7.75,8.45,523992.0,0.07,0.7,0.04,1844.44,0.7,107914.0,385.56,True,0,,7.55,8.81
28-12-2023 09:00,ATLAS,4.15,4.33,4.14,4.31,293086.0,0.02,0.16,0.01,1900.0,0.16,123379.1,137.55,True,0,,4.04,4.98
28-12-2023 09:00,ULUFA,8.41,9.22,8.36,9.18,2381871.0,0.04,0.77,0.04,1778.05,0.77,844577.0,182.02,True,0,,8.12,ATH
28-12-2023 09:00,YEOTK,156.5,170.0,154.5,167.3,2807609.0,2.7,10.8,0.44,2354.55,10.8,1697513.5,65.4,True,0,,142.4,212.5
28-12-2023 09:00,GRSEL,60.9,66.95,60.75,66.0,1005801.0,0.95,5.1,0.98,423.08,5.1,312460.4,221.9,True,0,,51.0,68.2
27-12-2023 17:00,ZEDUR,72.6,79.75,71.95,79.75,181424.0,0.0,7.15,0.98,633.33,7.15,103451.8,75.37,True,0,,68.5,86.5
27-12-2023 09:00,CEOEM,19.3,21.22,18.76,20.9,3567430.0,0.32,1.6,0.03,5417.24,1.6,872074.1,309.07,True,1,21.22,17.25,21.22
26-12-2023 13:00,SELEC,54.3,59.4,54.15,59.4,1575096.0,0.0,5.1,0.34,1422.39,5.1,1006809.4,56.44,True,0,,53.35,ATH
26-12-2023 09:00,MHRGY,4.92,5.12,4.91,5.08,15078887.0,0.04,0.16,0.03,400.0,0.16,8254250.7,82.68,True,0,,4.56,ATH
22-12-2023 17:00,MSGYO,13.62,15.12,13.53,15.12,1482901.0,0.0,1.5,0.09,1548.35,1.5,431221.9,243.88,True,0,,13.27,ATH
21-12-2023 13:00,MPARK,136.0,147.2,135.1,145.7,859088.0,1.5,9.7,0.35,2671.43,9.7,256128.0,235.41,True,0,,128.3,ATH
21-12-2023 13:00,KTLEV,62.75,66.45,61.25,66.45,4855767.0,0.0,3.7,0.96,287.43,3.7,1285930.7,277.61,True,0,,54.1,ATH
20-12-2023 09:00,ARDYZ,24.66,26.98,24.48,26.6,4790274.0,0.38,1.94,0.17,1068.67,1.94,1956212.0,144.87,True,0,,23.4,ATH
19-12-2023 09:00,IHLAS,1.07,1.09,1.05,1.09,56651487.0,0.0,0.02,0.0,1900.0,0.02,20966678.5,170.2,True,2,1.05,1.05,1.13
18-12-2023 13:00,NETAS,40.12,41.94,39.9,41.5,222025.0,0.44,1.38,0.2,583.17,1.38,138304.3,60.53,True,1,41.94,38.32,41.94
15-12-2023 17:00,KLRHO,37.7,39.5,37.6,39.5,302867.0,0.0,1.8,0.05,3813.04,1.8,191795.8,57.91,True,0,,36.0,43.42
15-12-2023 17:00,ASELS,48.2,49.96,47.96,49.6,29132060.0,0.36,1.4,0.38,272.34,1.4,16814453.2,73.26,True,0,,45.18,ATH
15-12-2023 13:00,HEKTS,21.96,23.68,21.94,23.46,53557794.0,0.22,1.5,0.22,581.82,1.5,15798909.5,239.0,True,0,,20.34,ATH
15-12-2023 09:00,TMSN,89.95,96.4,89.0,94.9,1024133.0,1.5,4.95,0.12,4204.35,4.95,369640.9,177.06,True,1,96.4,86.6,96.4
14-12-2023 13:00,QUAGR,5.9,6.13,5.88,6.13,13765493.0,0.0,0.23,0.02,858.33,0.23,7954639.7,73.05,True,0,,5.73,ATH
14-12-2023 13:00,KRPLS,7.15,7.85,7.15,7.74,3607830.0,0.11,0.59,0.0,14650.0,0.59,911983.1,295.6,True,1,7.85,7.05,7.85
13-12-2023 09:00,TSGYO,6.28,6.89,6.19,6.83,10723624.0,0.06,0.55,0.01,3566.67,0.55,2506718.5,327.8,True,2,6.19,6.19,ATH
12-12-2023 09:00,CRFSA,121.3,138.2,121.3,138.0,1465789.0,0.2,16.7,1.59,950.31,16.7,490588.4,198.78,True,0,,ATL,ATH
11-12-2023 09:00,BEYAZ,21.82,24.0,21.82,23.64,2239215.0,0.36,1.82,0.04,4036.36,1.82,831234.0,169.38,True,0,,ATL,ATH
