Tarih,Hisse,open,high,low,close,volume,YuksekKapanis_Fark,AcilisKapanis_Fark,AcilisKapanisFark_Ort,AcilisKapanisFark_OrtalamayaGoreDegisim,AcilisKapanisFarkOrt_MaxSon10,HacimOrtalama,%Hacim_HacimOrtalama,Kosul,rsi,Tarih1,%Deg,isPivot,pointpos,destek,direnc,Tsinyal_Banker_Dip,Tsinyal_Banker_DipKarar
19-12-2024 09:00,BIOEN,17.16,17.77,17.12,17.7,12008875.0,0.07,0.54,0.05,1073.91,0.54,3400899.7,253.11,True,56.52,2024-12-19,3.15,0,,16.35,18.89,False,False
19-12-2024 09:00,YAPRK,555.0,605.0,552.0,597.5,252403.0,7.5,42.5,11.82,259.41,42.5,138460.0,82.29,True,76.69,2024-12-19,7.08,0,,445.75,ATH,False,False
19-12-2024 09:00,ODINE,114.0,121.7,109.9,121.7,10316611.0,0.0,7.7,0.41,1755.42,7.7,4703627.3,119.33,True,68.58,2024-12-19,9.94,0,,75.55,ATH,False,False
19-12-2024 09:00,OYLUM,8.99,9.54,8.97,9.51,8194780.0,0.03,0.52,0.1,447.37,0.52,4569593.4,79.33,True,76.6,2024-12-19,4.28,0,,8.1,ATH,False,False
19-12-2024 09:00,OYYAT,33.04,37.34,33.04,36.46,2833656.0,0.88,3.42,0.17,1935.71,3.42,790001.5,258.69,True,56.98,2024-12-19,7.36,0,,35.62,36.9,True,True
19-12-2024 09:00,DOKTA,25.76,28.3,25.76,28.3,2869330.0,0.0,2.54,0.31,719.35,2.54,863420.3,232.32,True,78.49,2024-12-19,9.95,0,,21.76,ATH,False,False
18-12-2024 09:00,ATSYH,44.1,45.72,44.1,45.72,103256.0,0.0,1.62,0.35,360.23,1.62,64726.4,59.53,True,55.41,2024-12-18,3.81,0,,42.38,53.0,False,False
18-12-2024 09:00,FMIZP,314.0,330.75,313.75,327.25,354047.0,3.5,13.25,0.78,1609.68,13.25,126038.7,180.9,True,65.71,2024-12-18,4.39,0,,296.25,333.0,False,False
18-12-2024 09:00,EUYO,10.82,12.38,10.82,12.38,1324427.0,0.0,1.56,0.28,463.18,1.56,633903.1,108.93,True,74.01,2024-12-18,9.95,0,,9.75,12.48,False,False
18-12-2024 09:00,ASELS,68.0,71.0,67.4,70.75,45206572.0,0.25,2.75,0.02,10900.0,2.75,26047571.8,73.55,True,60.8,2024-12-18,3.97,0,,64.9,71.8,False,False
17-12-2024 09:00,EKOS,26.16,27.46,25.36,27.2,9041160.0,0.26,1.04,0.12,738.71,1.04,4187882.0,115.89,True,62.04,2024-12-17,4.78,0,,24.38,30.06,False,False
17-12-2024 09:00,TATEN,42.0,43.5,41.38,43.5,8398208.0,0.0,1.5,0.31,390.2,1.5,3842054.3,118.59,True,71.31,2024-12-17,3.72,0,,29.9,ATH,False,False
17-12-2024 09:00,BRLSM,15.8,16.53,15.45,16.33,6688580.0,0.2,0.53,0.11,381.82,0.53,3778149.7,77.03,True,61.91,2024-12-17,3.35,0,,14.72,17.8,False,False
17-12-2024 09:00,CUSAN,23.36,25.76,22.84,25.54,6464687.0,0.22,2.18,0.43,404.63,2.18,1614891.3,300.32,True,81.41,2024-12-17,8.31,0,,18.8,ATH,False,False
17-12-2024 09:00,RYSAS,20.18,22.18,20.0,22.18,12243891.0,0.0,2.0,0.36,452.49,2.0,6585252.3,85.93,True,75.36,2024-12-17,9.91,0,,11.75,ATH,False,False
17-12-2024 09:00,ETYAT,11.09,12.1,11.0,11.9,704385.0,0.2,0.81,0.05,1520.0,0.81,286318.9,146.01,True,57.04,2024-12-17,6.73,0,,10.69,12.39,False,False
16-12-2024 09:00,KZGYO,23.64,24.56,23.56,24.3,3905538.0,0.26,0.66,0.02,4025.0,0.66,2504751.8,55.93,True,56.42,2024-12-16,2.97,0,,23.0,24.8,False,False
16-12-2024 09:00,DZGYO,11.8,12.89,11.8,12.89,37818561.0,0.0,1.09,0.16,564.63,1.09,14011890.2,169.9,True,71.49,2024-12-16,9.98,0,,9.68,ATH,False,False
16-12-2024 09:00,PRKAB,30.7,33.4,30.7,33.4,3071947.0,0.0,2.7,0.28,864.29,2.7,1226836.6,150.4,True,71.14,2024-12-16,9.94,0,,28.18,42.8,False,False
16-12-2024 09:00,CEOEM,30.06,33.02,30.06,33.02,8062924.0,0.0,2.96,0.1,2746.15,2.96,4719283.7,70.85,True,44.18,2024-12-16,9.99,0,,26.46,63.55,True,True
16-12-2024 09:00,PRDGS,5.84,6.07,5.82,6.02,5500535.0,0.05,0.18,0.01,1700.0,0.18,3494983.6,57.38,True,63.56,2024-12-16,3.08,0,,5.61,6.56,False,False
16-12-2024 09:00,BRKO,9.0,9.73,9.0,9.73,1439333.0,0.0,0.73,0.16,347.85,0.73,794028.6,81.27,True,68.77,2024-12-16,9.94,0,,7.52,10.4,False,False
16-12-2024 09:00,JANTS,26.28,28.74,26.28,28.74,11791637.0,0.0,2.46,0.13,1852.38,2.46,4856840.0,142.78,True,64.32,2024-12-16,9.95,0,,25.3,28.88,False,False
16-12-2024 09:00,KATMR,2.38,2.45,2.32,2.45,519623100.0,0.0,0.07,0.0,3400.0,0.07,123201592.0,321.77,True,71.29,2024-12-16,9.87,0,,1.97,ATH,False,False
16-12-2024 09:00,KRPLS,7.49,8.11,7.48,8.03,13382535.0,0.08,0.54,0.05,881.82,0.54,2192485.8,510.38,True,70.42,2024-12-16,7.21,0,,6.85,ATH,False,False
16-12-2024 09:00,TERA,30.9,33.26,30.9,32.9,1472705.0,0.36,2.0,0.43,367.29,2.0,814970.9,80.71,True,74.77,2024-12-16,6.96,0,,24.2,ATH,False,False
16-12-2024 09:00,PSDTC,82.8,91.05,82.8,91.05,1220715.0,0.0,8.25,0.5,1550.0,8.25,775228.9,57.47,True,62.56,2024-12-16,9.96,0,,75.4,126.0,True,False
16-12-2024 09:00,LIDER,120.8,133.3,120.8,133.3,489338.0,0.0,12.5,0.73,1612.33,12.5,303508.3,61.23,True,71.21,2024-12-16,9.98,0,,79.5,ATH,False,False
16-12-2024 09:00,AHGAZ,20.2,21.26,20.12,21.0,12607319.0,0.26,0.8,0.08,952.63,0.8,5470436.6,130.46,True,67.22,2024-12-16,3.04,0,,18.91,ATH,False,False
16-12-2024 09:00,ANELE,14.97,16.28,14.95,16.28,6421674.0,0.0,1.31,0.22,506.48,1.31,2310332.6,177.95,True,74.0,2024-12-16,10.0,0,,13.01,ATH,False,False
13-12-2024 09:00,GESAN,47.54,50.2,47.08,50.15,11704806.0,0.05,2.61,0.26,923.53,2.61,5693167.6,105.59,True,61.38,2024-12-13,6.03,0,,45.26,53.4,False,False
13-12-2024 09:00,ATATP,92.35,100.8,91.3,99.0,1211977.0,1.8,6.65,0.37,1697.3,6.65,573694.2,111.26,True,59.34,2024-12-13,7.2,0,,76.7,105.7,False,False
13-12-2024 09:00,TMPOL,73.0,79.2,72.0,79.2,1176263.0,0.0,6.2,0.61,908.13,6.2,321703.5,265.64,True,70.8,2024-12-13,10.0,0,,65.0,ATH,False,False
13-12-2024 09:00,ADEL,35.2,37.64,34.76,37.62,7245144.0,0.02,2.42,0.22,980.36,2.42,2605682.5,178.05,True,53.26,2024-12-13,6.87,0,,34.4,47.26,True,True
13-12-2024 09:00,ONCSM,95.7,105.2,94.95,105.2,1887323.0,0.0,9.5,0.47,1921.28,9.5,1064056.9,77.37,True,59.89,2024-12-13,9.93,0,,91.7,105.9,False,False
12-12-2024 09:00,SUNTK,31.44,33.2,31.16,33.1,2377331.0,0.1,1.66,0.08,2028.21,1.66,1287432.2,84.66,True,77.6,2024-12-12,5.28,0,,18.6,ATH,False,False
12-12-2024 09:00,ATLAS,6.39,6.86,6.39,6.77,1808009.0,0.09,0.38,0.09,317.58,0.38,1018578.8,77.5,True,74.97,2024-12-12,5.95,0,,5.54,ATH,False,False
12-12-2024 09:00,AKFYE,18.92,20.1,18.92,19.83,11456131.0,0.27,0.91,0.05,1585.19,0.91,7409521.6,54.61,True,64.82,2024-12-12,4.98,0,,16.79,23.04,False,False
12-12-2024 09:00,ALKA,7.22,7.94,7.22,7.94,17086385.0,0.0,0.72,0.11,579.25,0.72,9822695.6,73.95,True,72.55,2024-12-12,9.97,0,,6.05,ATH,False,False
12-12-2024 09:00,ZEDUR,8.19,8.69,8.11,8.55,5699338.0,0.14,0.36,0.05,620.0,0.36,1970907.0,189.17,True,60.76,2024-12-12,4.27,0,,7.65,ATH,False,False
12-12-2024 09:00,SKYMD,10.7,11.77,10.7,11.69,8223840.0,0.08,0.99,0.04,2575.68,0.99,2648172.4,210.55,True,68.68,2024-12-12,9.25,0,,9.14,12.0,False,False
11-12-2024 09:00,DERIM,33.18,35.7,32.6,35.7,3365582.0,0.0,2.52,0.18,1315.73,2.52,1089921.1,208.79,True,64.81,2024-12-11,9.98,0,,29.92,36.88,False,False
11-12-2024 09:00,DITAS,16.15,17.64,16.13,17.64,10035355.0,0.0,1.49,0.19,672.02,1.49,2517869.8,298.57,True,71.07,2024-12-11,9.98,0,,14.39,ATH,False,False
11-12-2024 09:00,IEYHO,11.31,12.33,10.75,12.26,73875962.0,0.07,0.95,0.05,1921.28,0.95,25072878.6,194.64,True,73.36,2024-12-11,8.4,0,,6.88,ATH,False,False
11-12-2024 09:00,IPEKE,53.5,58.85,53.25,58.85,12017069.0,0.0,5.35,0.55,863.96,5.35,7455228.5,61.19,True,77.05,2024-12-11,10.0,0,,32.78,ATH,False,False
11-12-2024 09:00,MAGEN,19.03,21.02,18.6,20.9,11756991.0,0.12,1.87,0.16,1091.08,1.87,4333764.6,171.29,True,66.84,2024-12-11,9.37,0,,18.22,21.1,False,False
11-12-2024 09:00,MAKTK,6.57,7.21,6.53,7.21,18884215.0,0.0,0.64,0.09,573.68,0.64,8105270.1,132.99,True,69.66,2024-12-11,9.91,0,,5.63,9.74,False,False
11-12-2024 09:00,RALYH,291.0,309.25,288.75,309.0,360420.0,0.25,18.0,2.98,505.04,18.0,232026.9,55.34,True,73.15,2024-12-11,6.28,0,,255.5,339.0,False,False
11-12-2024 09:00,GSDDE,9.7,10.7,9.61,10.7,12112055.0,0.0,1.0,0.25,306.5,1.0,5958902.7,103.26,True,88.28,2024-12-11,9.97,0,,7.6,ATH,False,False
11-12-2024 09:00,BEGYO,4.88,5.34,4.85,5.34,123518391.0,0.0,0.46,0.11,333.96,0.46,47679755.1,159.06,True,86.36,2024-12-11,9.88,0,,3.13,ATH,False,False
10-12-2024 09:00,ARENA,27.88,30.62,26.7,30.62,8915015.0,0.0,2.74,0.3,819.46,2.74,1816105.1,390.89,True,67.91,2024-12-10,9.99,0,,24.9,32.56,False,False
10-12-2024 09:00,CRFSA,108.7,114.8,106.8,114.8,1320047.0,0.0,6.1,0.9,577.78,6.1,451213.7,192.55,True,71.66,2024-12-10,5.81,0,,98.4,120.9,False,False
10-12-2024 09:00,SNICA,5.71,6.15,5.69,6.04,42434916.0,0.11,0.33,0.06,415.62,0.33,20892084.2,103.11,True,72.46,2024-12-10,5.96,0,,5.06,6.73,False,False
10-12-2024 09:00,ALCTL,122.6,127.2,121.3,126.4,1294784.0,0.8,3.8,0.3,1166.67,3.8,509096.9,154.33,True,61.86,2024-12-10,3.02,0,,100.4,131.2,False,False
10-12-2024 09:00,VAKFN,1.78,1.95,1.77,1.93,409295470.0,0.02,0.15,0.0,2900.0,0.15,118147386.1,246.43,True,69.72,2024-12-10,8.43,0,,1.63,ATH,False,False
10-12-2024 09:00,ENERY,276.0,281.75,276.0,280.75,630311.0,1.0,4.75,0.65,630.77,4.75,331391.9,90.2,True,69.67,2024-12-10,1.54,0,,218.7,281.0,False,False
10-12-2024 09:00,DERHL,11.63,12.76,11.61,12.66,11681593.0,0.1,1.03,0.13,717.46,1.03,5157326.4,126.5,True,65.33,2024-12-10,8.95,0,,10.26,13.4,False,False
10-12-2024 09:00,GRSEL,177.1,190.0,177.0,188.2,1952045.0,1.8,11.1,1.29,760.47,11.1,1165583.2,67.47,True,78.62,2024-12-10,6.27,0,,112.7,ATH,False,False
10-12-2024 09:00,KRTEK,28.44,31.32,28.22,31.32,4950997.0,0.0,2.88,0.24,1120.34,2.88,1100683.3,349.81,True,64.61,2024-12-10,9.97,0,,27.04,31.62,False,False
09-12-2024 09:00,CIMSA,43.2,45.1,43.14,45.1,33113084.0,0.0,1.9,0.23,718.97,1.9,12792456.8,158.85,True,78.35,2024-12-09,10.0,0,,38.18,ATH,False,False
09-12-2024 09:00,INTEM,232.5,248.5,232.5,244.1,284070.0,4.4,11.6,0.67,1631.34,11.6,89391.9,217.78,True,65.05,2024-12-09,6.59,1,248.5,205.9,248.5,False,False
09-12-2024 09:00,SISE,42.0,43.4,42.0,43.2,69559369.0,0.2,1.2,0.14,733.33,1.2,37768108.6,84.17,True,67.9,2024-12-09,3.75,1,43.4,38.86,43.4,False,False
09-12-2024 09:00,NIBAS,19.2,20.54,19.19,20.54,15267753.0,0.0,1.34,0.07,1710.81,1.34,3488513.0,337.66,True,64.35,2024-12-09,9.96,0,,18.16,21.58,True,True
09-12-2024 09:00,AFYON,15.3,15.91,15.3,15.91,47049058.0,0.0,0.61,0.01,4983.33,0.61,16153635.9,191.26,True,62.31,2024-12-09,9.95,0,,13.68,17.58,False,False
09-12-2024 09:00,EGPRO,161.0,170.4,161.0,168.0,371951.0,2.4,7.0,1.04,573.08,7.0,186362.0,99.59,True,70.42,2024-12-09,5.0,1,170.4,142.7,170.4,False,False
09-12-2024 09:00,DEVA,74.4,79.85,74.4,78.5,1460484.0,1.35,4.1,0.62,566.67,4.1,789567.0,84.97,True,75.4,2024-12-09,5.72,0,,66.55,ATH,False,False
09-12-2024 09:00,DOFER,29.5,31.52,29.5,31.18,2347614.0,0.34,1.68,0.03,4841.18,1.68,754743.4,211.05,True,60.38,2024-12-09,7.0,0,,28.22,34.06,False,False
09-12-2024 09:00,ICBCT,14.28,15.58,14.1,15.33,3744564.0,0.25,1.05,0.09,1120.93,1.05,1291561.0,189.93,True,70.23,2024-12-09,8.19,0,,12.0,ATH,False,False
09-12-2024 09:00,EGEPO,24.32,26.14,24.3,26.0,2440919.0,0.14,1.68,0.3,452.63,1.68,1270759.8,92.08,True,75.7,2024-12-09,7.0,0,,16.66,ATH,False,False
09-12-2024 09:00,ISMEN,43.38,46.5,42.64,46.22,9000414.0,0.28,2.84,0.54,427.88,2.84,5119151.6,75.82,True,80.88,2024-12-09,6.6,0,,31.4,ATH,False,False
09-12-2024 09:00,EGSER,3.86,4.1,3.86,4.05,20636159.0,0.05,0.19,0.0,3700.0,0.19,9468528.9,117.94,True,63.98,2024-12-09,6.3,0,,3.49,4.29,False,False
09-12-2024 09:00,ELITE,41.14,44.0,41.14,43.76,7800472.0,0.24,2.62,0.56,366.19,2.62,3775709.9,106.6,True,74.39,2024-12-09,6.89,0,,34.0,ATH,False,False
09-12-2024 09:00,PRKME,18.19,18.89,18.18,18.89,1679787.0,0.0,0.7,0.08,786.08,0.7,775219.0,116.69,True,70.24,2024-12-09,4.19,0,,16.91,21.38,False,False
09-12-2024 09:00,GOLTS,501.0,525.0,501.0,519.5,1223891.0,5.5,18.5,2.38,678.95,18.5,590254.5,107.35,True,71.72,2024-12-09,7.67,0,,407.0,ATH,False,False
09-12-2024 09:00,AKCNS,181.0,188.5,179.7,188.5,3621967.0,0.0,7.5,0.56,1239.29,7.5,840560.2,330.9,True,74.33,2024-12-09,9.98,0,,143.0,ATH,False,False
09-12-2024 09:00,YYLGD,11.2,11.88,11.16,11.82,16963506.0,0.06,0.62,0.14,330.56,0.62,10331651.9,64.19,True,76.22,2024-12-09,7.75,1,11.88,9.4,11.88,False,False
09-12-2024 09:00,FRIGO,8.2,8.34,8.15,8.34,4952132.0,0.0,0.14,0.01,2700.0,0.14,3278776.1,51.04,True,56.88,2024-12-09,1.83,0,,7.95,8.99,False,False
09-12-2024 09:00,GLBMD,15.44,16.98,15.06,16.98,9889970.0,0.0,1.54,0.4,282.13,1.54,5178571.2,90.98,True,80.2,2024-12-09,9.97,0,,10.19,ATH,False,False
09-12-2024 09:00,BUCIM,8.44,8.89,8.41,8.85,49414571.0,0.04,0.41,0.1,301.96,0.41,11284980.3,337.88,True,82.92,2024-12-09,9.12,0,,6.22,ATH,False,False
09-12-2024 09:00,ACSEL,113.6,124.9,112.5,124.9,487161.0,0.0,11.3,1.55,629.03,11.3,205930.2,136.57,True,75.06,2024-12-09,9.95,0,,101.3,143.0,False,False
09-12-2024 09:00,ISSEN,9.55,10.12,9.55,10.02,11958934.0,0.1,0.47,0.04,944.44,0.47,2641654.6,352.71,True,72.18,2024-12-09,5.36,0,,8.52,10.31,False,False
09-12-2024 09:00,TATGD,23.6,24.2,22.44,24.2,3263189.0,0.0,0.6,0.15,305.41,0.6,1391914.6,134.44,True,61.68,2024-12-09,2.98,0,,21.46,25.92,False,False
09-12-2024 09:00,ARCLK,146.2,150.1,146.1,150.0,3178199.0,0.1,3.8,0.35,985.71,3.8,2071106.3,53.45,True,67.67,2024-12-09,3.52,0,,123.0,ATH,False,False
09-12-2024 09:00,ASTOR,93.6,102.0,93.6,101.1,26744072.0,0.9,7.5,0.08,8723.53,7.5,11682624.5,128.92,True,66.71,2024-12-09,8.83,0,,91.55,101.8,False,False
09-12-2024 09:00,KLRHO,28.92,31.8,28.92,31.8,1645930.0,0.0,2.88,0.09,3100.0,2.88,868429.6,89.53,True,64.27,2024-12-09,9.96,0,,27.0,32.66,False,False
09-12-2024 09:00,MEKAG,44.02,47.78,43.78,47.78,4746321.0,0.0,3.76,0.39,854.31,3.76,1037774.2,357.36,True,72.77,2024-12-09,9.99,0,,39.88,56.65,False,False
09-12-2024 09:00,KCAER,14.53,15.35,14.53,15.2,23523660.0,0.15,0.67,0.11,489.52,0.67,13692316.53,71.8,True,76.31,2024-12-09,5.7,0,,12.64,15.73,False,False
09-12-2024 09:00,BASCM,11.98,12.6,11.98,12.6,439825.0,0.0,0.62,0.1,545.83,0.62,173381.9,153.67,True,60.53,2024-12-09,5.53,1,12.6,11.56,13.2,False,False
09-12-2024 09:00,MEPET,10.06,11.01,9.93,11.01,9291708.0,0.0,0.95,0.13,614.29,0.95,2282252.5,307.13,True,73.26,2024-12-09,9.99,0,,8.83,ATH,False,False
09-12-2024 09:00,BINHO,325.0,352.0,325.0,351.5,1312922.0,0.5,26.5,5.12,417.07,26.5,770805.1,70.33,True,70.33,2024-12-09,9.84,0,,271.25,411.0,False,False
09-12-2024 09:00,NUHCM,330.0,351.25,330.0,351.25,1682278.0,0.0,21.25,2.58,725.24,21.25,339519.4,395.49,True,75.64,2024-12-09,9.94,0,,262.75,ATH,False,False
09-12-2024 09:00,ALFAS,51.7,56.5,51.5,56.5,9744219.0,0.0,4.8,0.21,2185.71,4.8,2762668.3,252.71,True,64.87,2024-12-09,9.92,0,,49.92,57.35,False,False
09-12-2024 09:00,IZMDC,5.67,6.06,5.67,6.05,21704392.0,0.01,0.38,0.04,850.0,0.38,8919488.3,143.34,True,76.31,2024-12-09,9.8,0,,5.05,ATH,False,False
06-12-2024 09:00,CATES,36.8,38.14,36.8,37.88,2502286.0,0.26,1.08,0.06,1762.07,1.08,1563013.7,60.09,True,57.26,2024-12-06,3.27,0,,35.64,38.7,False,False
06-12-2024 09:00,AYDEM,24.88,25.38,24.88,25.36,3279365.0,0.02,0.48,0.0,6.75539944105574e+16,0.48,2111822.7,55.29,True,57.42,2024-12-06,2.42,0,,23.74,26.04,False,False
06-12-2024 09:00,TMSN,117.1,122.5,117.0,121.9,2297565.0,0.6,4.8,0.84,471.43,4.8,1420441.3,61.75,True,61.4,2024-12-06,5.27,0,,107.9,124.9,False,False
06-12-2024 09:00,KARTN,88.3,92.45,87.45,91.95,384834.0,0.5,3.65,0.79,364.97,3.65,237986.7,61.7,True,64.75,2024-12-06,4.31,0,,81.0,94.5,False,False
06-12-2024 09:00,HUNER,3.28,3.58,3.23,3.52,69007594.0,0.06,0.24,0.02,1233.33,0.24,15108806.2,356.74,True,70.33,2024-12-06,7.98,0,,3.05,3.57,False,False
06-12-2024 09:00,AKSUE,11.69,12.82,11.68,12.82,2786516.0,0.0,1.13,0.04,2954.05,1.13,834646.9,233.86,True,67.41,2024-12-06,9.95,0,,11.04,12.98,False,False
06-12-2024 09:00,HEDEF,3.14,3.28,3.1,3.28,8665511.0,0.0,0.14,0.02,636.84,0.14,5743101.7,50.89,True,65.44,2024-12-06,4.46,0,,2.86,ATH,False,False
06-12-2024 09:00,TRCAS,25.08,26.96,25.08,26.7,4550907.0,0.26,1.62,0.4,300.99,1.62,1745452.3,160.73,True,77.49,2024-12-06,6.46,0,,21.08,ATH,False,False
06-12-2024 09:00,SAYAS,43.56,45.6,43.18,45.02,3001710.0,0.58,1.46,0.08,1771.79,1.46,1170879.4,156.36,True,55.09,2024-12-06,3.49,0,,42.48,48.42,False,False
06-12-2024 09:00,RODRG,21.16,23.26,21.06,22.8,5409102.0,0.46,1.64,0.13,1181.25,1.64,1509975.2,258.22,True,66.29,2024-12-06,7.75,0,,20.3,25.38,False,False
06-12-2024 09:00,AGHOL,339.75,360.0,338.0,359.75,1518457.0,0.25,20.0,0.95,2005.26,20.0,742971.8,104.38,True,69.51,2024-12-06,6.91,0,,317.25,ATH,False,False
06-12-2024 09:00,EKSUN,6.1,6.6,6.08,6.5,20911971.0,0.1,0.4,0.08,376.19,0.4,9589149.1,118.08,True,73.4,2024-12-06,6.73,0,,5.39,7.72,False,False
06-12-2024 09:00,BALAT,56.25,61.0,56.25,61.0,188265.0,0.0,4.75,1.12,322.22,4.75,101807.3,84.92,True,67.29,2024-12-06,-2.32,0,,45.06,ATH,False,False
06-12-2024 09:00,GSRAY,6.55,6.8,6.55,6.79,67390993.0,0.01,0.24,0.05,410.64,0.24,29456279.3,128.78,True,43.92,2024-12-06,-3.96,0,,6.72,7.44,False,False
06-12-2024 09:00,RGYAS,126.6,132.7,125.7,132.0,1560288.0,0.7,5.4,1.44,275.0,5.4,820043.5,90.27,True,79.68,2024-12-06,4.27,0,,100.6,ATH,False,False
06-12-2024 09:00,TUKAS,7.0,7.28,6.97,7.23,26276230.0,0.05,0.23,0.04,434.88,0.23,13599242.6,93.22,True,70.16,2024-12-06,3.73,0,,6.36,8.66,False,False
06-12-2024 09:00,CONSE,2.72,2.8,2.69,2.78,15428421.0,0.02,0.06,0.0,1400.0,0.06,9755735.5,58.15,True,64.81,2024-12-06,2.58,0,,2.46,ATH,False,False
06-12-2024 09:00,USAK,11.2,12.3,11.1,12.3,37490359.0,0.0,1.1,0.07,1427.78,1.1,9419484.3,298.01,True,70.41,2024-12-06,9.92,0,,10.15,ATH,False,False
06-12-2024 09:00,AEFES,215.4,227.9,214.2,227.4,7688741.0,0.5,12.0,1.21,891.74,12.0,4193673.8,83.34,True,64.73,2024-12-06,6.76,0,,192.3,ATH,False,False
06-12-2024 09:00,GEDZA,21.32,22.2,21.22,22.0,1251110.0,0.2,0.68,0.13,435.43,0.68,809195.0,54.61,True,75.16,2024-12-06,3.09,0,,18.7,22.62,False,False
06-12-2024 09:00,DAGHL,16.65,17.84,16.54,17.62,2496292.0,0.22,0.97,0.08,1176.32,0.97,886396.5,181.62,True,62.43,2024-12-06,5.95,0,,16.0,18.79,True,False
06-12-2024 09:00,EUREN,4.27,4.63,4.24,4.58,57961542.0,0.05,0.31,0.04,692.74,0.31,29619980.65,95.68,True,72.24,2024-12-06,8.79,0,,3.91,ATH,False,False
05-12-2024 09:00,PKART,62.7,68.75,62.7,68.75,1034895.0,0.0,6.05,0.69,776.81,6.05,390102.1,165.29,True,71.26,2024-12-05,10.0,0,,58.05,73.95,False,False
05-12-2024 09:00,BINBN,114.9,126.3,103.5,126.3,3904663.0,0.0,11.4,2.62,335.95,11.4,1147123.3,240.39,True,78.41,2024-12-05,9.92,0,,92.2,ATH,False,False
05-12-2024 09:00,GMTAS,9.79,10.57,9.76,10.54,5651907.0,0.03,0.75,0.07,1002.94,0.75,3462092.9,63.25,True,61.22,2024-12-05,8.1,0,,9.4,10.82,False,False
05-12-2024 09:00,KNFRT,10.9,11.55,10.87,11.55,2613114.0,0.0,0.65,0.1,519.05,0.65,1334930.1,95.75,True,69.98,2024-12-05,5.96,0,,8.13,12.43,False,False
05-12-2024 09:00,SELGD,44.22,48.9,44.18,48.9,2802673.0,0.0,4.68,0.4,1058.42,4.68,541987.9,417.11,True,58.24,2024-12-05,9.99,0,,43.5,52.0,True,True
05-12-2024 09:00,CEMZY,10.88,11.65,10.85,11.47,43166845.0,0.18,0.59,0.15,283.12,0.59,21705470.1,98.88,True,71.17,2024-12-05,6.2,1,11.65,9.43,11.65,False,False
05-12-2024 09:00,TUREX,124.8,131.6,123.9,131.5,903710.0,0.1,6.7,1.85,262.16,6.7,593195.4,52.35,True,83.22,2024-12-05,5.88,0,,83.2,ATH,False,False
05-12-2024 09:00,SEGMN,18.99,20.84,18.96,20.84,8861909.0,0.0,1.85,0.25,631.23,1.85,2510407.9,253.01,True,72.63,2024-12-05,9.92,0,,17.15,27.96,False,False
05-12-2024 09:00,SKYLP,87.7,96.55,87.7,96.55,1100782.0,0.0,8.85,0.73,1104.08,8.85,283018.4,288.94,True,65.47,2024-12-05,9.97,0,,81.6,98.35,False,False
05-12-2024 09:00,EUKYO,13.74,15.11,13.49,15.11,959425.0,0.0,1.37,0.27,400.0,1.37,557128.9,72.21,True,70.05,2024-12-05,9.97,0,,11.28,15.41,False,False
05-12-2024 09:00,YESIL,2.22,2.4,2.21,2.4,352684810.0,0.0,0.18,0.02,900.0,0.18,146852227.0,140.16,True,81.73,2024-12-05,9.59,0,,1.25,2.54,False,False
05-12-2024 09:00,DOBUR,191.0,209.5,189.1,209.5,1095907.0,0.0,18.5,3.83,383.03,18.5,607750.8,80.32,True,74.1,2024-12-05,9.97,0,,155.9,277.0,False,False
05-12-2024 09:00,ISFIN,11.55,12.13,11.55,12.04,10750521.0,0.09,0.49,0.12,292.0,0.49,6631254.2,62.12,True,67.97,2024-12-05,4.06,0,,10.69,12.05,False,False
05-12-2024 09:00,IHEVA,2.58,2.96,2.55,2.89,148586607.0,0.07,0.31,0.02,1191.67,0.31,77027598.3,92.9,True,56.86,2024-12-05,3.58,0,,1.86,3.78,False,False
04-12-2024 09:00,FLAP,8.74,9.58,8.64,9.58,18794591.0,0.0,0.84,0.09,843.82,0.84,6752890.5,178.32,True,53.97,2024-12-04,9.99,0,,8.5,14.74,True,True
04-12-2024 09:00,GLRYH,11.9,12.3,11.86,12.3,4389040.0,0.0,0.4,0.07,497.01,0.4,2808873.7,56.26,True,67.62,2024-12-04,3.71,0,,10.98,13.0,False,False
04-12-2024 09:00,ENSRI,18.35,20.12,17.51,20.12,4037153.0,0.0,1.77,0.05,3747.83,1.77,1598093.2,152.62,True,56.42,2024-12-04,9.95,2,17.51,17.51,23.58,True,True
04-12-2024 09:00,VESTL,64.05,70.0,63.3,69.4,13953823.0,0.6,5.35,1.25,328.0,5.35,5141554.2,171.39,True,71.77,2024-12-04,8.78,0,,56.25,73.0,False,False
04-12-2024 09:00,VKING,29.58,32.62,29.5,32.62,2476990.0,0.0,3.04,0.43,600.46,3.04,625974.6,295.7,True,65.04,2024-12-04,9.98,0,,27.9,48.36,False,False
04-12-2024 09:00,FORTE,48.36,52.65,48.36,52.65,2512651.0,0.0,4.29,0.32,1240.63,4.29,985712.0,154.91,True,66.76,2024-12-04,9.92,0,,41.66,54.1,False,False
04-12-2024 09:00,KAREL,9.24,9.48,9.17,9.48,9410825.0,0.0,0.24,0.05,361.54,0.24,5685066.5,65.54,True,57.45,2024-12-04,2.82,0,,8.57,9.54,False,False
04-12-2024 09:00,ALTNY,89.95,94.05,89.7,93.05,12010575.0,1.0,3.1,0.35,785.71,3.1,6435274.6,86.64,True,55.4,2024-12-04,3.45,0,,86.55,102.8,False,False
04-12-2024 09:00,DNISI,23.94,26.1,23.94,26.1,9596053.0,0.0,2.16,0.1,2104.08,2.16,5147938.4,86.41,True,66.69,2024-12-04,9.94,0,,20.6,26.76,False,False
03-12-2024 09:00,VKFYO,20.32,21.36,20.3,21.08,1357627.0,0.28,0.76,0.09,726.09,0.76,802026.0,69.27,True,62.18,2024-12-03,3.74,0,,17.71,22.98,False,False
03-12-2024 09:00,HURGZ,4.24,4.64,4.2,4.64,9038446.0,0.0,0.4,0.04,852.38,0.4,4112289.5,119.79,True,72.77,2024-12-03,9.95,0,,3.73,ATH,False,False
03-12-2024 09:00,BNTAS,11.83,12.57,11.71,12.56,7506932.0,0.01,0.73,0.14,428.99,0.73,4994492.6,50.3,True,79.82,2024-12-03,6.17,0,,9.68,12.63,False,False
03-12-2024 09:00,AKSA,9.89,10.74,9.85,10.62,28596172.0,0.12,0.73,0.14,421.43,0.73,18315423.9,56.13,True,79.77,2024-12-03,7.38,0,,8.03,ATH,False,False
03-12-2024 09:00,HDFGS,1.56,1.67,1.55,1.66,35640262.0,0.01,0.1,0.02,426.32,0.1,12305472.2,189.63,True,78.95,2024-12-03,6.41,0,,1.34,ATH,False,False
03-12-2024 09:00,ADESE,2.21,2.42,2.21,2.39,242512729.0,0.03,0.18,0.04,400.0,0.18,106315971.5,128.11,True,80.55,2024-12-03,8.64,1,2.42,1.78,2.42,False,False
03-12-2024 09:00,DCTTR,26.6,29.0,26.6,28.78,7020463.0,0.22,2.18,0.49,343.09,2.18,3469433.7,102.35,True,75.94,2024-12-03,8.6,0,,22.4,ATH,False,False
03-12-2024 09:00,GEDIK,7.44,7.75,7.38,7.75,1561815.0,0.0,0.31,0.04,656.1,0.31,693491.2,125.21,True,69.68,2024-12-03,4.17,0,,7.06,ATH,False,False
03-12-2024 09:00,PEKGY,1.3,1.43,1.28,1.43,340173504.56,0.0,0.13,0.03,400.0,0.13,184804731.97,84.07,True,79.64,2024-12-03,9.9,0,,1.09,1.47,False,False
03-12-2024 09:00,BMSCH,38.18,41.84,38.18,41.84,2963250.0,0.0,3.66,1.06,244.63,3.66,1731696.7,71.12,True,86.38,2024-12-03,9.99,0,,25.18,ATH,False,False
03-12-2024 09:00,INVEO,7.42,7.89,7.38,7.81,7353302.0,0.08,0.39,0.04,828.57,0.39,2863985.7,156.75,True,60.41,2024-12-03,5.26,0,,7.06,8.3,False,False
02-12-2024 09:00,POLHO,10.41,11.15,10.37,11.05,6976644.0,0.1,0.64,0.05,1107.55,0.64,2756096.6,153.13,True,60.28,2024-12-02,5.74,0,,9.99,13.71,False,False
02-12-2024 09:00,GLCVY,46.0,48.5,44.9,48.38,1768656.0,0.12,2.38,0.08,2802.44,2.38,625607.3,182.71,True,61.99,2024-12-02,6.42,0,,43.7,49.2,False,False
02-12-2024 09:00,ALKLC,30.6,32.3,30.06,31.92,10556924.0,0.38,1.32,0.38,245.55,1.32,7012751.1,50.54,True,64.64,2024-12-02,4.25,0,,26.24,34.7,False,False
02-12-2024 09:00,HOROZ,59.55,65.5,59.05,65.3,7396033.0,0.2,5.75,0.71,709.86,5.75,2731885.2,170.73,True,68.98,2024-12-02,9.66,0,,54.15,ATH,False,False
02-12-2024 09:00,PAPIL,13.08,14.38,13.08,14.38,41284136.0,0.0,1.3,0.23,473.53,1.3,19611849.37,110.51,True,74.11,2024-12-02,9.94,0,,9.73,ATH,False,False
02-12-2024 09:00,KLSYN,5.36,5.89,5.33,5.89,8323505.0,0.0,0.53,0.05,939.22,0.53,2358334.2,252.94,True,69.61,2024-12-02,9.89,0,,5.05,6.22,False,False
02-12-2024 09:00,SELVA,10.48,11.45,10.42,11.45,6252060.0,0.0,0.97,0.09,943.01,0.97,2941989.8,112.51,True,67.23,2024-12-02,9.26,0,,10.06,13.85,True,False
02-12-2024 09:00,ARASE,51.75,55.1,51.3,54.45,2088442.0,0.65,2.7,0.31,785.25,2.7,1050192.2,98.86,True,54.24,2024-12-02,4.81,0,,49.0,62.8,True,True
02-12-2024 09:00,MZHLD,6.96,7.65,6.92,7.65,9224849.0,0.0,0.69,0.07,858.33,0.69,2389500.5,286.06,True,70.43,2024-12-02,9.91,0,,6.22,ATH,False,False
02-12-2024 09:00,DOAS,214.0,227.2,210.1,224.0,3166718.0,3.2,10.0,1.23,713.01,10.0,1452065.9,118.08,True,64.16,2024-12-02,4.67,0,,202.3,225.6,False,False
02-12-2024 09:00,IHAAS,20.3,22.32,20.06,22.32,8852960.0,0.0,2.02,0.28,613.78,2.02,4809760.7,84.06,True,62.67,2024-12-02,9.95,0,,18.42,24.46,False,False
02-12-2024 09:00,SOKE,13.46,14.79,13.26,14.43,9687651.0,0.36,0.97,0.03,3029.03,0.97,4279570.7,126.37,True,54.81,2024-12-02,7.29,0,,13.2,15.95,False,False
02-12-2024 09:00,DENGE,2.84,3.12,2.83,3.1,41514369.0,0.02,0.26,0.01,2263.64,0.26,19652498.8,111.24,True,48.9,2024-12-02,9.15,0,,2.68,6.08,True,False
02-12-2024 09:00,METRO,2.69,2.93,2.68,2.93,40041894.0,0.0,0.24,0.05,389.8,0.24,14363869.7,178.77,True,85.81,2024-12-02,9.74,0,,2.04,ATH,False,False
02-12-2024 09:00,SEKFK,7.7,8.38,7.67,8.38,8702933.0,0.0,0.68,0.01,5566.67,0.68,4125561.6,110.95,True,63.18,2024-12-02,9.97,0,,7.59,9.01,False,False
02-12-2024 09:00,IHYAY,4.99,5.48,4.97,5.48,48198762.0,0.0,0.49,0.04,1224.32,0.49,26449212.1,82.23,True,65.87,2024-12-02,9.82,0,,3.42,5.55,False,False
29-11-2024 09:00,IHGZT,1.7,1.87,1.69,1.85,227543177.0,0.02,0.15,0.04,248.84,0.15,140919519.9,61.47,True,73.8,2024-11-29,8.82,0,,1.08,ATH,False,False
29-11-2024 09:00,GUNDG,45.4,49.5,44.62,49.5,6575730.0,0.0,4.1,0.12,3260.66,4.1,1904160.5,245.33,True,60.96,2024-11-29,10.0,0,,43.12,49.88,False,False
29-11-2024 09:00,ANSGR,89.0,94.8,88.05,93.95,4697676.0,0.85,4.95,0.16,3093.55,4.95,2577486.9,82.26,True,67.96,2024-11-29,8.36,0,,80.3,ATH,False,False
29-11-2024 09:00,BTCIM,144.3,153.0,144.2,152.9,1770159.0,0.1,8.6,1.31,556.49,8.6,1022886.1,73.06,True,57.97,2024-11-29,5.74,0,,127.9,162.4,False,False
29-11-2024 09:00,BYDNR,20.1,22.04,19.89,22.04,3090513.0,0.0,1.94,0.06,2979.37,1.94,870615.3,254.98,True,63.53,2024-11-29,9.98,0,,18.78,26.56,False,False
29-11-2024 09:00,BERA,14.91,15.9,14.75,15.9,16587560.0,0.0,0.99,0.13,661.54,0.99,9574883.0,73.24,True,70.55,2024-11-29,6.71,0,,12.35,17.09,False,False
29-11-2024 09:00,TKNSA,29.1,30.74,28.52,30.6,3977397.0,0.14,1.5,0.19,673.2,1.5,2593771.2,53.34,True,75.2,2024-11-29,5.15,0,,24.94,34.38,False,False
29-11-2024 09:00,YAYLA,16.78,18.12,16.0,18.12,12685530.0,0.0,1.34,0.22,495.56,1.34,8034995.3,57.88,True,79.91,2024-11-29,9.95,0,,13.15,ATH,False,False
28-11-2024 09:00,YIGIT,33.72,37.1,33.5,37.1,26728922.0,0.0,3.38,0.21,1494.34,3.38,8865978.7,201.48,True,59.7,2024-11-28,9.96,0,,31.68,37.4,False,False
28-11-2024 09:00,HUBVC,9.26,10.18,9.18,10.18,5722739.0,0.0,0.92,0.2,367.01,0.92,3784829.8,51.2,True,69.76,2024-11-28,9.94,0,,7.51,10.63,False,False
28-11-2024 09:00,AGROT,12.99,14.21,12.5,14.17,107128540.0,0.04,1.18,0.15,708.22,1.18,39100203.7,173.98,True,63.78,2024-11-28,9.67,0,,11.52,15.55,True,False
28-11-2024 09:00,DARDL,5.14,5.45,5.13,5.45,9196873.0,0.0,0.31,0.02,1191.67,0.31,4129232.4,122.73,True,67.08,2024-11-28,6.03,0,,4.81,6.4,False,False
28-11-2024 09:00,ULUSE,183.4,199.6,182.9,195.8,417523.0,3.8,12.4,2.08,496.15,12.4,183608.7,127.4,True,72.66,2024-11-28,6.82,0,,145.9,ATH,False,False
28-11-2024 09:00,TBORG,130.0,135.8,126.2,135.2,810319.0,0.6,5.2,0.35,1385.71,5.2,434417.4,86.53,True,60.05,2024-11-28,3.76,0,,123.5,144.4,False,False
28-11-2024 09:00,YYAPI,2.02,2.22,1.99,2.22,153711862.87,0.0,0.2,0.05,312.7,0.2,81575764.83,88.43,True,76.8,2024-11-28,9.93,0,,1.43,2.27,False,False
28-11-2024 09:00,MACKO,95.5,100.7,95.5,99.75,326523.0,0.95,4.25,0.98,331.47,4.25,212757.3,53.47,True,82.03,2024-11-28,2.94,0,,73.5,ATH,False,False
28-11-2024 09:00,KIMMR,9.69,10.35,9.69,10.28,8987201.0,0.07,0.59,0.06,900.0,0.59,4178836.5,115.06,True,60.95,2024-11-28,6.09,0,,8.99,10.67,False,False
28-11-2024 09:00,OFSYM,39.08,40.6,38.5,40.34,1195235.0,0.26,1.26,0.06,1868.75,1.26,727140.0,64.37,True,68.97,2024-11-28,2.96,0,,33.46,42.9,False,False
27-11-2024 09:00,OSTIM,7.27,7.96,7.18,7.93,21514546.0,0.03,0.66,0.04,1471.43,0.66,5792201.0,271.44,True,66.28,2024-11-27,9.53,0,,6.99,8.96,False,False
27-11-2024 09:00,SAMAT,18.35,20.08,18.25,20.08,10156019.0,0.0,1.73,0.11,1417.54,1.73,3889188.3,161.13,True,57.08,2024-11-27,9.97,0,,17.8,53.35,True,False
27-11-2024 09:00,ULAS,30.04,32.72,29.6,32.6,1116384.0,0.12,2.56,0.92,177.66,2.56,376827.7,196.26,True,63.93,2024-11-27,6.61,0,,25.0,34.88,False,False
27-11-2024 09:00,EPLAS,5.95,6.5,5.79,6.35,14714663.0,0.15,0.4,0.11,257.14,0.4,5525781.5,166.29,True,80.82,2024-11-27,6.19,0,,4.94,ATH,False,False
27-11-2024 09:00,ERSU,17.28,18.97,17.27,18.97,6307053.0,0.0,1.69,0.08,2123.68,1.69,2226409.2,183.28,True,57.7,2024-11-27,9.97,0,,16.75,22.14,False,False
26-11-2024 09:00,GZNMI,59.0,64.25,59.0,64.2,2399322.0,0.05,5.2,1.57,231.63,5.2,735156.6,226.37,True,75.39,2024-11-26,8.81,0,,45.7,ATH,False,False
26-11-2024 09:00,EFORC,40.36,42.0,39.94,42.0,5713825.0,0.0,1.64,0.51,221.57,1.64,3159906.3,80.82,True,67.88,2024-11-26,4.27,0,,36.2,ATH,False,False
26-11-2024 09:00,GOZDE,26.26,27.08,26.2,27.08,3508077.0,0.0,0.82,0.07,1071.43,0.82,2103578.3,66.77,True,58.78,2024-11-26,3.44,0,,24.12,31.52,False,False
26-11-2024 09:00,SKBNK,4.22,4.66,4.22,4.6,282830230.0,0.06,0.38,0.03,1210.34,0.38,94587279.4,199.02,True,68.93,2024-11-26,8.49,0,,4.01,4.74,False,False
26-11-2024 09:00,VANGD,17.7,19.6,17.7,19.6,1048120.0,0.0,1.9,0.22,763.64,1.9,406805.2,157.65,True,65.09,2024-11-26,9.99,0,,17.2,22.36,False,False
26-11-2024 09:00,DURKN,13.16,14.48,13.09,14.48,28276643.0,0.0,1.32,0.12,1028.21,1.32,8756504.8,222.92,True,60.98,2024-11-26,9.95,0,,12.51,15.06,False,False
26-11-2024 09:00,SAFKR,60.7,64.5,59.75,63.9,2294730.0,0.6,3.2,0.58,447.01,3.2,889611.8,157.95,True,63.04,2024-11-26,5.62,0,,50.05,68.4,False,False
26-11-2024 09:00,ETILR,45.5,49.24,45.34,49.2,9080129.0,0.04,3.7,1.23,201.3,3.7,5756854.5,57.73,True,72.0,2024-11-26,8.85,0,,32.1,ATH,False,False
26-11-2024 09:00,INFO,2.19,2.4,2.17,2.38,23123853.04,0.02,0.19,0.02,690.0,0.19,9137045.45,153.08,True,72.79,2024-11-26,9.15,0,,1.91,ATH,False,False
25-11-2024 09:00,VAKKO,88.0,95.2,87.9,95.2,2840799.0,0.0,7.2,0.96,646.11,7.2,1250643.3,127.15,True,64.04,2024-11-25,9.99,0,,75.2,117.8,False,False
25-11-2024 09:00,LYDHO,98.0,106.9,98.0,106.9,902963.0,0.0,8.9,1.1,709.09,8.9,516186.5,74.93,True,65.41,2024-11-25,9.92,0,,81.0,165.8,False,False
25-11-2024 09:00,PARSN,85.5,89.9,85.0,89.9,1801029.0,0.0,4.4,0.03,14566.67,4.4,468863.6,284.13,True,63.87,2024-11-25,9.97,0,,78.6,96.8,False,False
25-11-2024 09:00,ZRGYO,12.62,13.8,12.62,13.53,9488961.0,0.27,0.91,0.14,569.12,0.91,3814364.8,148.77,True,82.11,2024-11-25,7.81,0,,11.0,ATH,False,False
25-11-2024 09:00,SANEL,23.0,23.96,22.18,23.96,250204.0,0.0,0.96,0.21,357.14,0.96,162764.3,53.72,True,57.96,2024-11-25,5.55,0,,21.38,24.5,False,False
25-11-2024 09:00,LINK,510.0,550.0,510.0,543.5,211099.0,6.5,33.5,1.68,1900.0,33.5,92218.8,128.91,True,59.64,2024-11-25,7.94,0,,476.25,674.0,False,False
25-11-2024 09:00,OBAMS,39.18,42.9,39.18,42.02,20613743.0,0.88,2.84,0.28,907.09,2.84,6320129.0,226.16,True,73.97,2024-11-25,7.74,0,,36.1,ATH,False,False
22-11-2024 09:00,BMSTL,27.52,30.0,27.42,30.0,12624112.94,0.0,2.48,0.53,372.22,2.48,4750823.61,165.72,True,84.02,2024-11-22,10.0,0,,23.1,ATH,False,False
22-11-2024 09:00,BOSSA,6.61,7.11,6.48,7.11,18084114.0,0.0,0.5,0.06,681.25,0.5,6396813.0,182.71,True,66.09,2024-11-22,9.89,0,,5.93,8.3,False,False
22-11-2024 09:00,BSOKE,50.15,55.15,49.8,55.1,8737499.0,0.05,4.95,0.67,642.13,4.95,2292279.7,281.17,True,63.84,2024-11-22,9.87,0,,43.12,92.4,False,False
22-11-2024 09:00,PINSU,6.3,6.65,6.3,6.65,1549123.0,0.0,0.35,0.01,2592.31,0.35,1007367.3,53.78,True,53.09,2024-11-22,4.23,0,,6.23,6.75,False,False
22-11-2024 09:00,SASA,3.9,4.25,3.87,4.17,1088023720.0,0.08,0.27,0.02,1127.27,0.27,519385581.4,109.48,True,62.22,2024-11-22,6.65,0,,3.65,4.58,False,False
22-11-2024 09:00,ICUGS,25.96,28.54,25.76,28.54,4251979.0,0.0,2.58,0.36,608.79,2.58,1619613.1,162.53,True,63.11,2024-11-22,9.94,0,,24.3,31.3,False,False
22-11-2024 09:00,HEKTS,3.48,3.81,3.45,3.81,358217330.0,0.0,0.33,0.02,1220.0,0.33,185349988.1,93.27,True,60.0,2024-11-22,9.8,0,,3.34,4.81,True,False
22-11-2024 09:00,RAYSG,396.0,434.5,387.5,434.5,422323.0,0.0,38.5,2.78,1287.39,38.5,98808.2,327.42,True,63.76,2024-11-22,10.0,0,,378.75,469.0,True,False
21-11-2024 09:00,KOPOL,5.15,5.56,5.06,5.56,62197370.0,0.0,0.41,0.02,2441.67,0.41,13530610.3,359.68,True,56.87,2024-11-21,9.95,0,,4.97,5.9,False,False
21-11-2024 09:00,KRDMB,20.82,22.72,20.82,22.72,6623177.0,0.0,1.9,0.25,656.97,1.9,4189454.3,58.09,True,75.69,2024-11-21,9.97,0,,17.22,ATH,False,False
21-11-2024 09:00,KLSER,32.26,35.3,32.08,35.3,6406530.0,0.0,3.04,0.28,978.01,3.04,2058834.2,211.17,True,53.75,2024-11-21,9.97,0,,32.0,36.0,True,True
21-11-2024 09:00,KOZAL,20.3,21.56,20.12,21.56,221483523.0,0.0,1.26,0.14,768.97,1.26,98819024.7,124.13,True,61.66,2024-11-21,10.0,0,,18.47,29.6,False,False
21-11-2024 09:00,KOZAA,70.0,74.7,70.0,74.7,18217301.0,0.0,4.7,1.19,294.96,4.7,9051635.3,101.26,True,79.5,2024-11-21,9.93,0,,55.8,76.7,False,False
20-11-2024 09:00,OZRDN,7.64,8.4,7.56,8.4,4130908.0,0.0,0.76,0.06,1257.14,0.76,1175278.8,251.48,True,57.43,2024-11-20,9.95,2,7.56,7.56,8.63,False,False
20-11-2024 09:00,DIRIT,24.96,27.42,24.96,27.42,466908.0,0.0,2.46,0.59,314.84,2.46,280330.6,66.56,True,50.45,2024-11-20,9.94,0,,18.5,59.0,True,False
20-11-2024 09:00,ORCAY,9.48,10.17,9.41,10.17,26055781.0,0.0,0.69,0.12,475.0,0.69,5300291.0,391.59,True,68.3,2024-11-20,9.95,1,10.17,8.42,11.22,False,False
19-11-2024 09:00,MHRGY,4.71,5.01,4.65,4.93,9094726.0,0.08,0.22,0.04,494.59,0.22,3758932.0,141.95,True,69.57,2024-11-19,4.67,0,,4.38,4.94,False,False
19-11-2024 09:00,CRDFA,6.5,7.04,6.18,6.94,26600637.0,0.1,0.44,0.07,556.72,0.44,6165710.5,331.43,True,73.7,2024-11-19,7.1,0,,5.01,ATH,False,False
19-11-2024 09:00,DYOBY,20.88,22.14,20.68,22.08,4743019.0,0.06,1.2,0.02,6566.67,1.2,2095325.0,126.36,True,61.43,2024-11-19,5.75,0,,19.37,22.28,False,False
19-11-2024 09:00,MEGAP,2.71,2.93,2.71,2.93,3652683.0,0.0,0.22,0.04,464.1,0.22,1852665.7,97.16,True,72.56,2024-11-19,9.74,0,,2.3,ATH,False,False
18-11-2024 09:00,CWENE,23.25,25.43,23.25,25.0,18784056.57,0.43,1.74,0.31,455.12,1.74,10267141.82,82.95,True,67.2,2024-11-18,7.62,0,,18.95,28.59,False,False
18-11-2024 09:00,TUCLK,10.29,10.66,10.16,10.58,9510286.0,0.08,0.29,0.0,9566.67,0.29,6063980.3,56.83,True,49.03,2024-11-18,3.22,0,,10.1,11.73,False,False
18-11-2024 09:00,ECZYT,198.3,210.8,195.5,210.3,682152.0,0.5,12.0,2.68,347.76,12.0,310227.6,119.89,True,76.27,2024-11-18,6.32,0,,167.9,210.8,False,False
18-11-2024 09:00,ECILC,42.76,46.0,42.46,45.8,10102902.0,0.2,3.04,0.56,442.86,3.04,4076833.2,147.81,True,69.36,2024-11-18,7.21,0,,37.2,48.66,False,False
18-11-2024 09:00,EBEBK,47.88,50.3,47.42,49.9,1721727.0,0.4,2.02,0.36,458.01,2.02,901866.5,90.91,True,66.25,2024-11-18,4.18,0,,40.98,ATH,False,False
18-11-2024 09:00,FENER,45.39,49.0,44.92,48.02,11562163.71,0.99,2.62,0.51,414.77,2.62,5672744.94,103.82,True,64.59,2024-11-18,6.29,0,,41.48,58.34,False,False
18-11-2024 09:00,OZATD,81.05,87.0,81.05,85.95,5753883.0,1.05,4.9,0.75,553.33,4.9,3225829.8,78.37,True,58.78,2024-11-18,6.44,0,,71.25,ATH,True,False
18-11-2024 09:00,MNDTR,5.53,5.73,5.46,5.72,2767330.0,0.01,0.19,0.03,603.7,0.19,1443018.1,91.77,True,54.21,2024-11-18,3.44,2,5.46,5.46,6.86,False,False
18-11-2024 09:00,KRDMA,20.9,22.98,20.7,22.98,9770156.0,0.0,2.08,0.27,676.12,2.08,3527416.5,176.98,True,69.25,2024-11-18,9.95,0,,17.8,ATH,False,False
15-11-2024 09:00,UNLU,13.45,14.07,13.45,14.07,735467.0,0.0,0.62,0.08,646.99,0.62,435413.3,68.91,True,63.54,2024-11-15,4.61,0,,12.56,15.1,False,False
15-11-2024 09:00,COSMO,113.4,122.0,112.9,120.0,376141.0,2.0,6.6,0.46,1334.78,6.6,235155.7,59.95,True,66.89,2024-11-15,5.82,0,,99.5,126.1,False,False
15-11-2024 09:00,MARTI,3.53,3.73,3.5,3.72,20703901.0,0.01,0.19,0.03,630.77,0.19,13264727.3,56.08,True,71.91,2024-11-15,5.98,0,,3.07,ATH,False,False
15-11-2024 09:00,AYEN,29.52,30.86,29.48,30.66,1085630.0,0.2,1.14,0.3,282.55,1.14,687696.9,57.86,True,69.0,2024-11-15,3.86,0,,26.3,32.28,False,False
15-11-2024 09:00,KMPUR,17.4,18.5,17.22,18.5,4963467.0,0.0,1.1,0.09,1164.37,1.1,1614060.6,207.51,True,59.69,2024-11-15,7.0,0,,16.41,23.5,True,False
14-11-2024 09:00,SELEC,71.25,77.0,71.0,76.2,5056314.0,0.8,4.95,0.92,438.04,4.95,2063521.9,145.03,True,71.83,2024-11-14,7.17,0,,61.35,ATH,False,False
14-11-2024 09:00,KERVN,2.06,2.49,2.06,2.43,3699670.0,0.06,0.37,0.07,406.85,0.37,2115754.0,74.86,True,70.14,2024-11-14,7.05,0,,1.61,2.68,False,False
14-11-2024 09:00,MERKO,16.1,17.71,16.1,17.71,10705595.0,0.0,1.61,0.21,663.03,1.61,3274173.8,226.97,True,61.47,2024-11-14,10.0,0,,15.16,19.05,False,False
14-11-2024 09:00,GENIL,92.45,98.8,92.45,97.15,3020983.0,1.65,4.7,1.42,230.99,4.7,1212968.8,149.06,True,72.66,2024-11-14,5.08,0,,79.95,ATH,False,False
14-11-2024 09:00,AVPGY,49.1,52.1,48.98,51.4,5045144.0,0.7,2.3,0.28,721.43,2.3,3194965.1,57.91,True,66.52,2024-11-14,5.03,0,,45.54,52.15,False,False
13-11-2024 09:00,DMSAS,8.05,8.85,8.05,8.85,22505996.0,0.0,0.8,0.14,492.59,0.8,9641456.9,133.43,True,79.37,2024-11-13,9.94,1,8.85,6.3,ATH,False,False
13-11-2024 09:00,ESCAR,36.68,40.48,35.73,40.45,4565119.71,0.03,3.77,0.25,1427.47,3.77,1338146.41,241.15,True,63.77,2024-11-13,9.88,0,,34.94,41.38,False,False
13-11-2024 09:00,BAYRK,16.99,18.59,16.71,18.59,10849762.0,0.0,1.6,0.0,4.503599627370498e+17,1.6,3722251.8,191.48,True,51.89,2024-11-13,10.0,2,16.71,16.71,22.22,True,True
13-11-2024 09:00,SILVR,20.28,22.22,19.84,22.22,7280084.0,0.0,1.94,0.13,1358.65,1.94,3187482.7,128.4,True,67.42,2024-11-13,10.0,0,,17.05,22.96,False,False
13-11-2024 09:00,KTSKR,58.8,64.55,58.0,63.3,1144004.0,1.25,4.5,0.44,934.48,4.5,346362.0,230.29,True,63.96,2024-11-13,7.65,0,,55.55,ATH,False,False
13-11-2024 09:00,PLTUR,23.9,25.78,23.72,25.44,5293875.0,0.34,1.54,0.07,2233.33,1.54,2894146.2,82.92,True,67.16,2024-11-13,6.35,0,,19.91,28.18,False,False
12-11-2024 09:00,KUTPO,69.0,72.25,68.6,72.25,1133315.0,0.0,3.25,0.2,1566.67,3.25,292036.4,288.07,True,64.64,2024-11-12,9.97,0,,60.85,82.25,True,False
12-11-2024 09:00,AVHOL,35.1,37.94,33.8,37.2,9268044.0,0.74,2.1,0.09,2286.36,2.1,1412006.9,556.37,True,66.63,2024-11-12,7.83,0,,31.26,38.06,False,False
11-11-2024 09:00,LOGO,112.0,117.2,111.0,116.7,882265.0,0.5,4.7,0.69,581.16,4.7,391807.5,125.18,True,69.25,2024-11-11,6.77,0,,87.1,ATH,False,False
11-11-2024 09:00,RNPOL,24.6,26.18,24.56,25.78,910030.0,0.4,1.18,0.17,594.12,1.18,381884.2,138.3,True,64.71,2024-11-11,5.05,0,,23.04,27.48,False,False
11-11-2024 09:00,LRSHO,2.02,2.14,2.02,2.12,18733333.0,0.02,0.1,0.01,1566.67,0.1,9207984.9,103.45,True,47.3,2024-11-11,5.47,0,,1.93,3.35,True,False
11-11-2024 09:00,SEKUR,13.15,14.05,13.14,13.96,2693735.0,0.09,0.81,0.18,347.51,0.81,1259983.7,113.79,True,79.53,2024-11-11,6.32,1,14.05,9.79,14.05,False,False
11-11-2024 09:00,NTHOL,43.46,47.78,43.46,47.6,2843256.0,0.18,4.14,0.86,379.17,4.14,1589735.9,78.85,True,71.35,2024-11-11,9.53,0,,35.58,ATH,False,False
11-11-2024 09:00,PASEU,23.62,25.3,23.52,25.2,8678343.0,0.1,1.58,0.2,682.18,1.58,4902098.5,77.03,True,63.75,2024-11-11,7.69,0,,20.86,ATH,False,False
11-11-2024 09:00,IMASM,2.54,2.6,2.44,2.6,41573521.0,0.0,0.06,0.01,900.0,0.06,11702989.3,255.24,True,59.26,2024-11-11,9.7,0,,2.21,3.13,True,False
11-11-2024 09:00,IZINV,44.98,48.38,44.76,47.76,311109.0,0.62,2.78,0.09,3059.09,2.78,136222.7,128.38,True,52.65,2024-11-11,6.89,0,,43.06,61.55,True,False
11-11-2024 09:00,KFEIN,99.5,108.5,99.5,108.5,986584.0,0.0,9.0,1.45,522.84,9.0,603732.5,63.41,True,69.1,2024-11-11,9.05,1,108.5,82.9,117.2,False,False
11-11-2024 09:00,FADE,14.56,15.85,14.56,15.85,3923370.0,0.0,1.29,0.15,783.56,1.29,1005569.4,290.16,True,70.01,2024-11-11,9.99,0,,13.27,16.0,False,False
11-11-2024 09:00,BAKAB,40.12,44.12,38.62,44.12,2900034.0,0.0,4.0,0.1,3981.63,4.0,1384107.9,109.52,True,71.97,2024-11-11,9.97,0,,28.98,ATH,False,False
11-11-2024 09:00,KARYE,27.56,29.58,27.5,29.58,8973427.0,0.0,2.02,0.34,497.63,2.02,2433291.6,268.78,True,69.25,2024-11-11,9.96,0,,24.9,37.76,False,False
11-11-2024 09:00,INDES,6.38,6.65,6.33,6.65,8160047.0,0.0,0.27,0.04,629.73,0.27,4402786.6,85.34,True,60.37,2024-11-11,4.07,0,,5.9,7.2,True,False
11-11-2024 09:00,ARDYZ,34.84,37.44,34.64,36.82,5058266.0,0.62,1.98,0.67,195.52,1.98,3274800.6,54.46,True,71.55,2024-11-11,6.72,1,37.44,28.68,37.44,False,False
11-11-2024 09:00,AVGYO,9.45,10.39,9.39,10.39,5196773.0,0.0,0.94,0.12,664.23,0.94,3392608.5,53.18,True,69.89,2024-11-11,9.95,0,,8.06,ATH,False,False
08-11-2024 09:00,MNDRS,11.83,12.23,11.79,12.2,4093347.0,0.03,0.37,0.04,927.78,0.37,2383003.6,71.77,True,66.74,2024-11-08,3.57,1,12.23,10.58,12.23,False,False
08-11-2024 09:00,MIATK,42.52,45.4,42.32,45.08,29399030.0,0.32,2.56,0.34,648.54,2.56,16728336.3,75.74,True,62.16,2024-11-08,6.52,0,,36.32,ATH,False,False
08-11-2024 09:00,TLMAN,86.75,95.35,86.7,95.35,810798.0,0.0,8.6,0.54,1492.59,8.6,184490.8,339.48,True,61.8,2024-11-08,9.98,0,,81.4,102.4,False,False
08-11-2024 09:00,BEYAZ,21.96,24.08,21.94,24.08,4030876.0,0.0,2.12,0.23,838.05,2.12,1494639.8,169.69,True,61.16,2024-11-08,9.95,0,,21.04,28.36,True,False
08-11-2024 09:00,ISDMR,36.32,37.2,36.16,37.0,4118624.0,0.2,0.68,0.16,335.9,0.68,2040794.0,101.81,True,60.18,2024-11-08,1.82,0,,34.92,39.58,False,False
08-11-2024 09:00,DAPGM,4.47,4.89,4.46,4.89,34496002.0,0.0,0.42,0.02,1650.0,0.42,15385147.4,124.22,True,57.46,2024-11-08,9.89,0,,4.36,6.42,True,True
08-11-2024 09:00,SAHOL,80.0,83.4,79.65,83.0,25331810.0,0.4,3.0,0.09,3057.89,3.0,15918277.9,59.14,True,44.83,2024-11-08,3.75,0,,79.1,103.0,True,True
08-11-2024 09:00,FZLGY,18.9,20.4,18.3,19.98,13321570.0,0.42,1.08,0.19,453.85,1.08,6214405.4,114.37,True,74.51,2024-11-08,5.71,0,,13.55,ATH,False,False
08-11-2024 09:00,KCHOL,162.1,172.2,161.6,171.4,22914158.0,0.8,9.3,0.06,15400.0,9.3,14157679.0,61.85,True,48.18,2024-11-08,4.26,0,,160.2,194.0,False,False
08-11-2024 09:00,XBANK,11695.81,12392.84,11649.54,12298.91,1219565290.0,93.93,603.1,8.05,7390.06,603.1,709450369.7,71.9,True,49.04,2024-11-08,5.2,0,,11190.85,15071.3,True,True
08-11-2024 09:00,GOKNR,24.54,25.94,24.54,25.72,3242752.0,0.22,1.18,0.07,1538.89,1.18,2146028.9,51.1,True,51.22,2024-11-08,4.81,0,,23.1,36.86,True,False
08-11-2024 09:00,KLKIM,31.3,33.32,30.54,32.8,7045536.0,0.52,1.5,0.23,546.55,1.5,3905311.1,80.41,True,77.71,2024-11-08,4.79,0,,24.14,ATH,False,False
08-11-2024 09:00,YKSLN,7.19,7.7,7.18,7.61,2408648.0,0.09,0.42,0.0,10400.0,0.42,977516.5,146.4,True,50.63,2024-11-08,5.84,0,,6.92,8.02,True,True
08-11-2024 09:00,YKBNK,23.64,25.44,23.6,25.34,264150494.0,0.1,1.7,0.07,2475.76,1.7,134015349.1,97.1,True,49.27,2024-11-08,7.19,0,,22.66,32.12,True,True
08-11-2024 09:00,KRONT,21.6,23.48,21.36,23.0,2712485.0,0.48,1.4,0.11,1138.94,1.4,933740.3,190.5,True,67.99,2024-11-08,7.68,1,23.48,18.0,23.48,False,False
08-11-2024 09:00,AKENR,11.39,12.4,11.26,12.25,32146103.0,0.15,0.86,0.05,1620.0,0.86,10648705.9,201.88,True,60.21,2024-11-08,7.64,0,,10.86,14.58,True,False
08-11-2024 09:00,AKBNK,48.4,52.05,48.04,51.2,137637546.0,0.85,2.8,0.13,2087.5,2.8,81286954.9,69.32,True,48.52,2024-11-08,5.79,0,,46.12,65.1,True,True
08-11-2024 09:00,ALBRK,5.25,5.7,5.21,5.64,21742105.0,0.06,0.39,0.02,2066.67,0.39,13192568.9,64.81,True,57.2,2024-11-08,7.43,0,,4.92,6.45,True,False
08-11-2024 09:00,KONTR,46.24,50.65,45.8,50.5,35919375.0,0.15,4.26,0.55,677.37,4.26,16731482.3,114.68,True,70.43,2024-11-08,9.35,0,,40.5,53.75,False,False
08-11-2024 09:00,ARSAN,21.2,22.42,21.14,22.42,1142744.0,0.0,1.22,0.01,15150.0,1.22,725414.7,57.53,True,58.87,2024-11-08,5.85,0,,20.74,24.36,False,False
07-11-2024 09:00,TCELL,85.65,89.0,85.5,89.0,29981371.0,0.0,3.35,0.01,33400.0,3.35,19106203.5,56.92,True,53.5,2024-11-07,4.58,0,,82.5,98.5,False,False
07-11-2024 09:00,MARKA,65.7,71.5,65.7,71.5,931169.0,0.0,5.8,0.75,673.33,5.8,378593.7,145.95,True,64.13,2024-11-07,10.0,0,,59.5,74.4,False,False
07-11-2024 09:00,GRNYO,9.04,9.65,8.98,9.55,1138197.0,0.1,0.51,0.04,1175.0,0.51,369253.8,208.24,True,57.02,2024-11-07,5.52,0,,8.91,10.15,False,False
07-11-2024 09:00,TTRAK,734.5,756.0,734.5,755.0,637635.0,1.0,20.5,3.85,432.47,20.5,301465.3,111.51,True,62.87,2024-11-07,3.21,0,,713.5,757.0,False,False
07-11-2024 09:00,BRISA,79.25,86.5,79.25,85.75,1204643.0,0.75,6.5,0.55,1081.82,6.5,341028.2,253.24,True,54.96,2024-11-07,8.34,0,,78.0,99.4,True,True
07-11-2024 09:00,GOODY,15.84,16.99,15.6,16.8,5061094.0,0.19,0.96,0.2,380.0,0.96,1626290.7,211.2,True,66.28,2024-11-07,5.73,0,,13.93,ATH,False,False
07-11-2024 09:00,MTRKS,17.14,18.38,16.97,18.18,3711702.5,0.2,1.04,0.08,1254.17,1.04,1451440.75,155.73,True,57.3,2024-11-07,6.07,0,,16.71,18.7,False,False
07-11-2024 09:00,ALARK,86.35,93.35,86.0,92.5,8433493.0,0.85,6.15,0.75,714.57,6.15,3924936.4,114.87,True,60.21,2024-11-07,7.12,0,,81.7,96.8,False,False
07-11-2024 09:00,TRILC,19.01,20.92,18.75,20.74,26668853.0,0.18,1.73,0.25,578.43,1.73,11806975.0,125.87,True,62.49,2024-11-07,8.99,0,,17.08,25.48,True,False
06-11-2024 09:00,BIMAS,461.5,493.75,460.5,492.5,9921353.0,1.25,31.0,2.5,1140.0,31.0,5467019.5,81.48,True,53.31,2024-11-06,7.07,0,,445.75,623.0,True,False
06-11-2024 09:00,KAPLM,192.9,209.7,190.0,209.7,508469.0,0.0,16.8,0.36,4566.67,16.8,335123.6,51.73,True,69.38,2024-11-06,9.96,0,,170.0,ATH,False,False
06-11-2024 09:00,MGROS,414.75,437.75,413.25,437.75,3198377.0,0.0,23.0,0.6,3733.33,23.0,1603963.3,99.4,True,53.77,2024-11-06,9.99,0,,397.0,534.0,True,True
06-11-2024 09:00,EMKEL,13.65,15.01,13.32,15.01,7569973.0,0.0,1.36,0.35,284.18,1.36,4756799.0,59.14,True,77.51,2024-11-06,9.96,0,,9.95,15.65,False,False
06-11-2024 09:00,EREGL,23.75,24.51,23.44,24.38,247302346.0,0.13,0.63,0.03,1868.75,0.63,139197521.8,77.66,True,52.81,2024-11-06,2.09,0,,22.75,24.84,False,False
06-11-2024 09:00,BRMEN,4.85,5.39,4.85,5.39,699780.0,0.0,0.54,0.03,1828.57,0.54,336651.2,107.86,True,56.18,2024-11-06,10.0,0,,4.67,5.98,False,False
06-11-2024 09:00,ENKAI,48.48,52.4,48.38,51.95,40260104.0,0.45,3.47,0.23,1402.16,3.47,13838840.5,190.92,True,65.38,2024-11-06,8.77,0,,42.6,ATH,False,False
06-11-2024 09:00,AYGAZ,152.0,157.2,147.3,156.5,562098.0,0.7,4.5,0.22,1945.45,4.5,307986.0,82.51,True,62.75,2024-11-06,3.1,2,147.3,147.3,160.6,False,False
05-11-2024 09:00,ENJSA,54.0,55.8,52.5,55.7,5359864.0,0.1,1.7,0.23,623.4,1.7,3409861.7,57.19,True,49.03,2024-11-05,0.63,2,52.5,52.5,61.1,False,False
05-11-2024 09:00,ULUFA,13.3,13.85,13.22,13.8,2195718.0,0.05,0.5,0.21,140.38,0.5,1345841.8,63.15,True,71.71,2024-11-05,4.23,0,,11.0,15.63,False,False
05-11-2024 09:00,IHLAS,0.97,1.05,0.96,1.05,102524387.0,0.0,0.08,0.01,1042.86,0.08,45033886.6,127.66,True,58.74,2024-11-05,9.38,0,,0.93,1.13,False,False
05-11-2024 09:00,IHLGM,1.12,1.23,1.1,1.23,94754968.0,0.0,0.11,0.01,1122.22,0.11,23396620.4,304.99,True,60.18,2024-11-05,9.82,0,,1.08,1.36,True,False
05-11-2024 09:00,LUKSK,77.0,82.95,75.0,82.95,472390.0,0.0,5.95,0.34,1624.64,5.95,157135.9,200.63,True,56.3,2024-11-05,7.73,0,,70.3,108.9,False,False
05-11-2024 09:00,PENGD,6.1,6.34,5.99,6.29,4702326.0,0.05,0.19,0.04,375.0,0.19,2092896.5,124.68,True,55.06,2024-11-05,3.28,0,,5.83,8.04,False,False
04-11-2024 09:00,NTGAZ,4.78,5.2,4.64,5.2,30123958.0,0.0,0.42,0.06,624.14,0.42,7772786.3,287.56,True,75.62,2024-11-04,9.94,0,,4.14,ATH,False,False
01-11-2024 09:00,BVSAN,83.4,89.5,82.2,89.0,1117608.0,0.5,5.6,0.78,613.38,5.6,413775.7,170.1,True,64.06,2024-11-01,7.1,0,,75.35,92.9,False,False
31-10-2024 09:00,DURDO,17.94,20.14,17.53,19.89,2559402.0,0.25,1.95,0.71,174.26,1.95,1613300.7,58.64,True,66.94,2024-10-31,8.63,0,,14.1,20.6,False,False
31-10-2024 09:00,ATAKP,42.12,43.7,42.12,43.32,446131.0,0.38,1.2,0.25,380.0,1.2,242780.4,83.76,True,47.14,2024-10-31,-2.17,0,,41.26,50.05,True,False
31-10-2024 09:00,RUBNS,24.98,26.0,24.6,26.0,1816814.0,0.0,1.02,0.15,562.34,1.02,845293.5,114.93,True,50.41,2024-10-31,1.33,0,,24.0,30.8,True,False
31-10-2024 09:00,KTLEV,52.3,57.0,52.1,57.0,7883505.0,0.0,4.7,0.64,640.16,4.7,3340985.1,135.96,True,70.18,2024-10-31,9.09,0,,44.64,57.4,False,False
30-10-2024 09:00,KZBGY,31.6,34.02,31.52,33.68,8371086.0,0.34,2.08,0.31,562.42,2.08,4654281.4,79.86,True,65.85,2024-10-30,6.99,0,,28.82,ATH,False,False
30-10-2024 09:00,MARBL,12.2,12.46,12.13,12.39,2504965.0,0.07,0.19,0.01,1257.14,0.19,1490494.1,68.06,True,51.13,2024-10-30,1.72,0,,11.51,14.15,True,False
30-10-2024 09:00,CVKMD,284.0,312.25,283.5,312.25,1369751.0,0.0,28.25,1.95,1348.72,28.25,831932.9,64.65,True,51.73,2024-10-30,9.95,0,,255.5,547.0,True,False
30-10-2024 09:00,DESPC,46.58,51.0,46.58,50.3,760013.0,0.7,3.72,0.21,1654.72,3.72,444933.9,70.81,True,64.19,2024-10-30,7.99,0,,43.44,54.65,False,False
30-10-2024 09:00,GENTS,7.5,7.69,7.48,7.69,907512.0,0.0,0.19,0.05,295.83,0.19,556285.3,63.14,True,57.74,2024-10-30,2.53,0,,6.91,8.97,True,False
30-10-2024 09:00,LMKDC,23.18,24.22,23.18,24.16,7570860.0,0.06,0.98,0.29,237.93,0.98,4832273.7,56.67,True,64.87,2024-10-30,4.32,0,,20.28,25.3,False,False
28-10-2024 09:00,BANVT,341.0,375.0,341.0,375.0,641359.0,0.0,34.0,5.9,476.27,34.0,402993.7,59.15,True,65.18,2024-10-28,9.97,0,,299.0,445.5,False,False
28-10-2024 09:00,OBASE,30.1,32.92,30.0,32.5,779959.0,0.42,2.4,0.61,290.88,2.4,444182.6,75.59,True,61.13,2024-10-28,8.48,0,,25.9,36.12,False,False
25-10-2024 09:00,KERVT,12.85,13.65,12.7,13.55,4727085.0,0.1,0.7,0.19,276.34,0.7,2892079.8,63.45,True,59.11,2024-10-25,5.86,0,,10.94,14.72,False,False
25-10-2024 09:00,KBORU,72.75,79.65,72.0,79.65,2398312.0,0.0,6.9,0.77,796.1,6.9,1451593.8,65.22,True,62.96,2024-10-25,9.94,0,,65.8,84.0,True,False
25-10-2024 09:00,BIENY,27.72,29.1,27.5,28.78,1430505.0,0.32,1.06,0.02,4718.18,1.06,754710.3,89.54,True,49.84,2024-10-25,4.2,0,,26.98,33.24,False,False
25-10-2024 09:00,LIDFA,2.88,3.0,2.86,2.99,7785152.0,0.01,0.11,0.01,900.0,0.11,4894452.2,59.06,True,52.81,2024-10-25,4.18,0,,2.71,3.13,False,False
24-10-2024 09:00,METUR,16.5,16.9,16.31,16.9,3718953.0,0.0,0.4,0.18,128.57,0.4,2256275.9,64.83,True,70.97,2024-10-24,3.55,0,,13.45,18.78,False,False
24-10-2024 09:00,OZYSR,27.1,29.5,27.1,29.5,13027140.0,0.0,2.4,0.39,509.14,2.4,2992478.4,335.33,True,69.08,2024-10-24,9.26,0,,23.3,31.56,False,False
24-10-2024 09:00,BORSK,21.26,22.6,21.26,22.42,2465427.0,0.18,1.16,0.06,1833.33,1.16,1256324.0,96.24,True,48.86,2024-10-24,5.66,0,,20.52,30.74,True,False
24-10-2024 09:00,BRKVY,40.5,44.44,40.5,44.44,2223292.0,0.0,3.94,0.23,1598.28,3.94,592261.6,275.39,True,52.39,2024-10-24,10.0,0,,39.54,51.4,True,True
23-10-2024 09:00,SANKO,22.22,24.28,21.28,24.28,5361368.0,0.0,2.06,0.32,535.8,2.06,850451.4,530.41,True,65.58,2024-10-23,9.96,0,,19.82,26.0,True,False
23-10-2024 09:00,SDTTR,239.5,256.75,235.5,252.5,2055532.0,4.25,13.0,0.38,3321.05,13.0,980830.3,109.57,True,55.43,2024-10-23,5.43,0,,223.5,270.5,False,False
22-10-2024 09:00,MANAS,8.94,9.56,8.85,9.39,19566936.47,0.17,0.45,0.06,672.73,0.45,7895996.42,147.81,True,68.02,2024-10-22,5.18,1,9.56,6.91,9.56,False,False
22-10-2024 09:00,PRZMA,10.63,11.35,10.33,11.28,3168369.26,0.07,0.65,0.04,1561.02,0.65,1952228.31,62.3,True,58.25,2024-10-22,6.21,0,,9.73,11.97,True,False
22-10-2024 09:00,HTTBT,35.28,38.65,34.83,38.59,779197.65,0.06,3.32,0.33,912.99,3.32,483282.82,61.23,True,59.17,2024-10-22,8.87,0,,33.89,39.74,False,False
22-10-2024 09:00,SMRTG,34.16,37.4,34.08,37.4,17470372.0,0.0,3.24,0.05,5900.0,3.24,3847718.6,354.04,True,49.98,2024-10-22,10.0,0,,33.32,46.96,True,False
21-10-2024 09:00,TEKTU,4.31,4.74,4.26,4.71,20632913.0,0.03,0.4,0.05,769.57,0.4,7363097.4,180.22,True,56.7,2024-10-21,9.28,0,,3.85,5.24,True,False
21-10-2024 09:00,PATEK,65.65,71.35,64.0,71.35,3618602.0,0.0,5.7,0.19,2900.0,5.7,1293060.1,179.85,True,54.96,2024-10-21,9.94,0,,61.35,78.75,True,False
18-10-2024 09:00,TEZOL,14.34,15.72,14.01,15.72,4516550.0,0.0,1.37,0.03,3900.0,1.37,1665536.7,171.18,True,51.95,2024-10-18,9.98,0,,13.67,18.76,True,True
18-10-2024 09:00,SUWEN,26.7,29.0,26.16,28.48,1619390.0,0.52,1.78,0.01,29566.67,1.78,820369.1,97.4,True,52.83,2024-10-18,7.96,0,,26.02,32.0,True,True
18-10-2024 09:00,IZENR,4.2,4.6,4.18,4.52,43738312.23,0.07,0.33,0.04,644.68,0.33,10744548.55,307.07,True,56.92,2024-10-18,8.22,0,,3.99,5.03,True,False
17-10-2024 09:00,BOBET,20.68,22.76,20.3,22.76,10403920.0,0.0,2.08,0.38,450.26,2.08,4399771.4,136.47,True,63.43,2024-10-17,9.95,0,,18.76,ATH,False,False
17-10-2024 09:00,AKGRT,5.45,5.73,5.42,5.71,17451813.0,0.02,0.26,0.03,796.55,0.26,11450023.1,52.42,True,58.06,2024-10-17,4.58,0,,5.1,5.84,False,False
17-10-2024 09:00,MERIT,13.33,14.58,13.17,14.58,9006683.95,0.0,1.24,0.22,460.15,1.24,3934053.33,128.94,True,59.53,2024-10-17,10.0,0,,11.66,15.0,True,False
17-10-2024 09:00,BRSAN,422.5,462.5,419.25,451.75,2759694.0,10.75,29.25,1.08,2620.93,29.25,1158134.8,138.29,True,51.91,2024-10-17,7.43,0,,401.0,601.5,False,False
17-10-2024 09:00,TCKRC,22.78,25.04,22.6,25.04,26390096.0,0.0,2.26,0.09,2356.52,2.26,6207319.4,325.14,True,54.34,2024-10-17,9.92,0,,21.54,29.3,False,False
16-10-2024 09:00,GWIND,23.54,25.0,23.48,25.0,6562993.0,0.0,1.46,0.18,729.55,1.46,2480873.7,164.54,True,47.17,2024-10-16,6.2,0,,22.48,32.58,True,False
16-10-2024 09:00,KLNMA,14.18,14.9,14.18,14.7,222315.0,0.2,0.52,0.08,575.32,0.52,112331.5,97.91,True,43.38,2024-10-16,-1.34,2,14.18,14.18,18.63,False,False
16-10-2024 09:00,VESBE,17.46,18.4,17.33,18.4,10721746.0,0.0,0.94,0.14,561.97,0.94,3939330.5,172.17,True,61.61,2024-10-16,5.38,0,,16.65,18.44,False,False
15-10-2024 09:00,ASUZU,63.25,66.7,63.25,66.05,1570756.0,0.65,2.8,0.03,9233.33,2.8,834321.4,88.27,True,42.96,2024-10-15,4.43,0,,65.9,79.8,False,False
15-10-2024 09:00,FONET,15.99,17.51,15.99,17.51,16929387.0,0.0,1.52,0.05,3204.35,1.52,5389926.7,214.09,True,48.85,2024-10-15,9.99,0,,15.81,22.84,True,True
15-10-2024 09:00,BURVA,138.6,151.6,138.6,151.6,1300073.0,0.0,13.0,1.34,870.15,13.0,812639.0,59.98,True,64.53,2024-10-15,9.93,0,,120.8,154.6,False,False
15-10-2024 09:00,DAGI,8.81,9.64,8.81,9.64,4902806.0,0.0,0.83,0.05,1496.15,0.83,2175049.8,125.41,True,56.29,2024-10-15,9.92,0,,8.67,11.2,False,False
15-10-2024 09:00,YATAS,24.28,26.7,24.28,26.7,2063261.0,0.0,2.42,0.01,30150.0,2.42,1122353.2,83.83,True,51.16,2024-10-15,9.97,0,,24.24,30.1,True,True
14-10-2024 09:00,TDGYO,11.23,11.73,11.23,11.73,3026788.0,0.0,0.5,0.08,525.0,0.5,1715885.4,76.4,True,69.74,2024-10-14,4.45,0,,9.2,11.85,False,False
14-10-2024 09:00,MTRYO,6.6,7.48,6.55,7.48,1652661.0,0.0,0.88,0.04,2156.41,0.88,599399.1,175.72,True,43.95,2024-10-14,10.0,0,,6.36,9.79,True,True
10-10-2024 09:00,BURCE,22.6,24.84,22.42,24.76,12321970.0,0.08,2.16,0.32,566.67,2.16,5760543.0,113.9,True,71.72,2024-10-10,9.61,0,,19.47,ATH,False,False
09-10-2024 09:00,AHSGY,25.46,27.86,25.38,27.86,10441260.0,0.0,2.4,0.16,1381.48,2.4,3018756.7,245.88,True,68.18,2024-10-09,9.94,0,,25.0,28.12,False,False
09-10-2024 09:00,EUHOL,8.16,9.3,7.79,9.2,20921394.0,0.1,1.04,0.02,4421.74,1.04,7161456.5,192.14,True,65.69,2024-10-09,7.48,0,,4.95,10.04,False,False
01-10-2024 09:00,ALTIN,31.68,32.68,31.58,32.43,51764007.0,0.25,0.75,0.29,154.24,0.75,31448586.4,64.6,True,89.33,2024-10-01,3.25,0,,ATL,ATH,False,False
01-10-2024 09:00,KRSTL,6.14,6.51,5.89,6.51,80495168.0,0.0,0.37,0.05,704.35,0.37,12815332.7,528.12,True,70.24,2024-10-01,9.97,0,,5.33,ATH,False,False
30-09-2024 09:00,GEREL,11.0,12.04,11.0,12.04,19013951.0,0.0,1.04,0.03,3291.29,1.04,8592216.38,121.29,True,56.14,2024-09-30,9.99,0,,10.57,13.93,False,False
30-09-2024 09:00,PAGYO,51.3,55.35,48.8,55.2,758368.0,0.15,3.9,0.52,650.0,3.9,205579.3,268.89,True,73.52,2024-09-30,7.6,1,55.35,47.02,55.35,False,False
27-09-2024 09:00,ESEN,19.65,21.02,19.21,21.0,3644574.0,0.02,1.35,0.17,703.57,1.35,1800675.1,102.4,True,63.84,2024-09-27,6.87,0,,18.29,ATH,False,False
27-09-2024 09:00,TGSAS,59.25,65.15,58.15,65.15,1441150.0,0.0,5.9,0.18,3271.43,5.9,558463.1,158.06,True,62.48,2024-09-27,9.96,0,,53.7,ATH,False,False
27-09-2024 09:00,DOHOL,14.68,15.3,14.51,15.29,26919190.0,0.01,0.61,0.03,1867.74,0.61,17598986.8,52.96,True,51.27,2024-09-27,4.01,0,,13.96,15.51,False,False
24-09-2024 09:00,ISCTR,13.6,14.28,13.53,14.1,551690890.0,0.18,0.5,0.08,541.03,0.5,350647880.4,57.33,True,62.98,2024-09-24,4.06,0,,12.33,ATH,False,False
23-09-2024 09:00,MEDTR,39.58,42.94,38.76,42.3,905839.0,0.64,2.72,0.31,766.24,2.72,567964.5,59.49,True,58.3,2024-09-23,6.82,0,,36.04,49.96,False,False
20-09-2024 09:00,YGGYO,55.6,59.15,53.0,59.15,3926401.0,0.0,3.55,0.57,517.39,3.55,695016.8,464.94,True,82.25,2024-09-20,6.38,0,,49.74,ATH,False,False
20-09-2024 09:00,ARTMS,57.05,59.5,56.35,59.45,1857253.0,0.05,2.4,0.14,1677.77,2.4,878412.9,111.43,True,59.58,2024-09-20,4.21,0,,54.1,ATH,False,False
20-09-2024 09:00,SRVGY,334.25,369.75,324.75,365.0,1103221.0,4.75,30.75,2.75,1018.18,30.75,338975.2,225.46,True,69.82,2024-09-20,8.55,0,,306.0,ATH,False,False
19-09-2024 09:00,LKMNH,15.6,16.8,15.38,16.7,5746925.0,0.1,1.1,0.16,591.1,1.1,2750770.37,108.92,True,68.26,2024-09-19,7.74,0,,14.02,16.9,False,False
19-09-2024 09:00,PCILT,17.25,18.77,17.17,18.77,6635549.0,0.0,1.52,0.09,1647.13,1.52,2587260.9,156.47,True,70.0,2024-09-19,9.96,0,,15.6,ATH,False,False
19-09-2024 09:00,CEMAS,3.38,3.7,3.38,3.7,41442906.0,0.0,0.32,0.0,15900.0,0.32,17728610.6,133.76,True,51.45,2024-09-19,9.79,0,,3.22,ATH,True,True
13-09-2024 09:00,DGATE,39.72,43.72,39.54,43.72,1155357.0,0.0,4.0,0.64,526.96,4.0,599045.0,92.87,True,66.42,2024-09-13,9.96,0,,35.02,44.88,False,False
13-09-2024 09:00,SEGYO,4.69,4.97,4.68,4.96,12202272.0,0.01,0.27,0.06,342.62,0.27,7785370.3,56.73,True,78.14,2024-09-13,5.76,0,,3.9,ATH,False,False
13-09-2024 09:00,ALKIM,16.3,17.65,16.16,17.47,9194000.0,0.18,1.17,0.09,1200.0,1.17,2688265.6,242.0,True,62.06,2024-09-13,8.85,0,,15.75,17.71,False,False
11-09-2024 09:00,AYES,8.52,9.13,8.52,9.13,575388.3,0.0,0.61,0.05,1106.35,0.61,237949.67,141.81,True,66.51,2024-09-11,10.0,0,,7.81,ATH,False,False
11-09-2024 09:00,DESA,19.84,21.3,19.77,21.3,2860100.0,0.0,1.46,0.16,795.7,1.46,827656.1,245.57,True,54.38,2024-09-11,9.91,0,,19.01,ATH,False,False
09-09-2024 09:00,ERCB,98.0,108.4,98.0,108.4,2069162.0,0.0,10.4,1.16,796.55,10.4,957774.9,116.04,True,56.22,2024-09-09,9.94,0,,93.25,ATH,False,False
09-09-2024 09:00,ERBOS,193.4,203.2,188.1,203.2,471944.0,0.0,9.8,1.04,842.31,9.8,191998.6,145.81,True,66.81,2024-09-09,9.96,0,,167.7,ATH,False,False
09-09-2024 09:00,SMART,28.2,31.02,28.12,31.02,4080873.0,0.0,2.82,0.02,15566.66,2.82,1124249.4,262.99,True,50.77,2024-09-09,10.0,0,,28.0,ATH,False,False
06-09-2024 09:00,GRTHO,110.4,121.4,106.5,121.4,2604667.0,0.0,11.0,1.49,638.26,11.0,1069795.8,143.47,True,82.78,2024-09-06,9.96,0,,ATL,ATH,False,False
06-09-2024 09:00,AVOD,3.04,3.34,3.04,3.34,19962438.0,0.0,0.3,0.02,1566.67,0.3,6328811.0,215.42,True,64.8,2024-09-06,9.87,0,,2.92,ATH,False,False
05-09-2024 09:00,NETAS,82.5,90.75,81.6,90.75,4364523.0,0.0,8.25,2.17,280.18,8.25,2444130.3,78.57,True,68.08,2024-09-05,10.0,0,,ATL,ATH,False,False
05-09-2024 09:00,HATSN,47.96,52.25,47.78,52.25,6446080.0,0.0,4.29,0.15,2685.7,4.29,1698551.3,279.5,True,56.43,2024-09-05,10.0,0,,45.88,ATH,False,False
05-09-2024 09:00,CANTE,1.66,1.77,1.65,1.75,230812629.0,0.02,0.09,0.0,4400.0,0.09,103984349.0,121.97,True,54.61,2024-09-05,6.06,0,,1.62,ATH,False,False
05-09-2024 09:00,HALKB,16.5,17.75,16.45,17.45,109073027.0,0.3,0.95,0.11,779.63,0.95,50466617.9,116.13,True,65.32,2024-09-05,6.53,0,,15.43,ATH,False,False
05-09-2024 09:00,GSDHO,3.6,3.71,3.59,3.69,22383306.0,0.02,0.09,0.0,2150.0,0.09,10946679.2,104.48,True,51.17,2024-09-05,2.79,0,,3.55,ATH,False,False
04-09-2024 09:00,MERCN,13.43,14.39,13.31,14.2,5493234.0,0.19,0.77,0.07,1032.35,0.77,2364936.8,132.28,True,71.06,2024-09-04,5.5,0,,12.83,ATH,False,False
04-09-2024 09:00,ADGYO,33.12,36.34,33.02,36.28,4054179.0,0.06,3.16,0.21,1376.64,3.16,1638513.8,147.43,True,69.89,2024-09-04,9.61,0,,30.6,ATH,False,False
04-09-2024 09:00,SURGY,58.15,62.45,58.15,62.0,3563400.0,0.45,3.85,0.34,1015.94,3.85,1653690.7,115.48,True,71.2,2024-09-04,6.71,0,,57.45,ATH,False,False
03-09-2024 09:00,PAMEL,104.5,113.7,104.0,113.7,185016.0,0.0,9.2,0.22,4081.82,9.2,103644.5,78.51,True,63.38,2024-09-03,9.96,0,,99.55,ATH,False,False
02-09-2024 09:00,MEGMT,34.08,37.4,34.06,36.6,6413980.0,0.8,2.52,0.04,5900.1,2.52,3909775.4,64.05,True,52.39,2024-09-02,7.58,0,,33.08,ATH,False,False
02-09-2024 09:00,BASGZ,26.06,27.44,26.04,27.44,1293875.0,0.0,1.38,0.12,1089.66,1.38,785860.6,64.64,True,52.5,2024-09-02,5.38,0,,25.0,ATH,False,False
02-09-2024 09:00,PENTA,14.31,15.71,14.31,15.71,14013778.0,0.0,1.4,0.02,6566.67,1.4,3216947.8,335.62,True,58.17,2024-09-02,9.94,0,,13.78,ATH,False,False
29-08-2024 09:00,TAVHL,242.2,249.9,241.7,249.9,2746828.0,0.0,7.7,0.48,1504.16,7.7,1677312.7,63.76,True,55.2,2024-08-29,3.05,0,,231.9,ATH,False,False
28-08-2024 09:00,PNSUT,11.51,12.93,10.94,12.93,7592202.0,0.0,1.42,0.13,969.97,1.42,2129689.9,256.49,True,66.74,2024-08-28,9.91,2,10.94,10.94,ATH,False,False
28-08-2024 09:00,BJKAS,6.99,7.59,6.96,7.47,115150958.0,0.12,0.48,0.05,860.0,0.48,46694286.0,146.61,True,64.9,2024-08-28,6.87,0,,ATL,ATH,False,False
28-08-2024 09:00,PETUN,11.55,12.66,11.38,12.35,6752270.0,0.31,0.8,0.09,833.34,0.8,2715886.99,148.62,True,60.41,2024-08-28,5.56,1,12.66,ATL,12.66,False,False
27-08-2024 09:00,EGGUB,62.55,70.0,61.55,70.0,3774941.0,0.0,7.45,1.21,513.17,7.45,1804654.6,109.18,True,66.46,2024-08-27,9.98,0,,ATL,ATH,False,False
22-08-2024 09:00,ANGEN,14.09,15.93,13.96,15.93,43311506.0,0.0,1.84,0.25,647.97,1.84,27862195.8,55.45,True,62.75,2024-08-22,9.94,0,,ATL,19.0,False,False
22-08-2024 09:00,SANFM,20.16,22.1,20.14,22.0,6508082.0,0.1,1.84,0.43,328.9,1.84,3035902.8,114.37,True,86.38,2024-08-22,9.24,0,,ATL,ATH,False,False
21-08-2024 09:00,EDATA,17.4,19.0,17.22,19.0,10339194.0,0.0,1.6,0.12,1267.52,1.6,2745804.8,276.55,True,59.79,2024-08-21,9.95,0,,ATL,ATH,False,False
20-08-2024 09:00,GUBRF,166.7,174.3,165.4,173.2,14487577.0,1.1,6.5,0.29,2141.37,6.5,6956689.1,108.25,True,67.95,2024-08-20,3.53,0,,ATL,ATH,False,False
20-08-2024 09:00,BLCYT,25.0,27.2,24.74,27.2,3620312.0,0.0,2.2,0.32,591.83,2.2,1357170.9,166.75,True,71.0,2024-08-20,8.8,0,,ATL,ATH,False,False
19-08-2024 09:00,SEYKM,5.03,5.46,4.87,5.46,32269206.0,0.0,0.43,0.02,2718.06,0.43,13688052.8,135.75,True,,2024-08-19,9.86,0,,4.4,ATH,False,False
19-08-2024 09:00,RTALB,15.86,16.53,15.13,16.53,17576293.0,0.0,0.67,0.16,318.75,0.67,7134277.1,146.36,True,,2024-08-19,9.98,0,,ATL,ATH,False,False
19-08-2024 09:00,ISKPL,12.53,13.07,12.46,13.04,3292885.0,0.03,0.51,0.0,10100.0,0.51,1934434.1,70.22,True,,2024-08-19,4.07,0,,11.7,ATH,False,False
16-08-2024 09:00,BIGCH,33.32,34.82,33.16,34.72,1716916.0,0.1,1.4,0.18,677.78,1.4,1109210.1,54.79,True,,2024-08-16,4.2,0,,ATL,ATH,False,False
16-08-2024 09:00,ULUUN,7.31,7.9,7.18,7.85,21662752.0,0.05,0.54,0.04,1231.81,0.54,11678514.1,85.49,True,,2024-08-16,7.98,1,7.9,6.75,7.9,False,False
15-08-2024 09:00,BORLS,37.88,41.12,37.12,40.64,5369609.0,0.48,2.76,0.39,615.02,2.76,3538297.2,51.76,True,,2024-08-15,7.63,0,,ATL,ATH,False,False
15-08-2024 09:00,FORMT,3.4,3.71,3.4,3.68,72499121.0,0.03,0.28,0.01,2053.85,0.28,24930491.4,190.81,True,,2024-08-15,8.88,0,,ATL,ATH,False,False
13-08-2024 09:00,KONKA,43.9,48.28,43.5,48.28,3366901.0,0.0,4.38,0.11,4032.08,4.38,912194.8,269.1,True,,2024-08-13,9.98,0,,ATL,ATH,False,False
