Hisse,Tarih,close,%Deg,%Vol,5_EMA,8_EMA,13_EMA,21_EMA,4_EMA,9_EMA,9_WMA,15_WMA,200_EMA,PP,VolMov,rsi,K_C5,K_C8,K_C13,K_58,K_513,K_521,K_Ort,Ema_4X9,Ema_5X21,K_W_Ort,K_TkKj,Ort,Tk,Spb,Chk,200,Pvt,Vl,Fh,Macd,Rsi,DI,A,S
YUNSA,29-04-2024,90.6,22.02,61.27,79.95,78.41,77.56,76.94,80.96,78.15,77.63,77.25,40.35,85.17,4898953.67,66.99,+,+,+,+,+,+,+,+_29-04-2024 09:00:00,+_29-04-2024 09:00:00,+,+,+,+,,+,,+,,,+,+,,15,0
TUCLK,29-04-2024,12.98,12.19,186.21,12.23,12.23,12.26,12.16,12.26,12.24,12.09,12.38,5.85,12.36,15545776.67,55.79,+,+,+,,,+,+,+_29-04-2024 09:00:00,+_29-04-2024 09:00:00,,,+,+,+,-,,+,+,+,,+,,12,1
MRSHL,29-04-2024,2462.0,15.97,144.94,2267.96,2251.76,2211.94,2096.88,2279.45,2246.2,2237.29,2272.62,762.19,2358.33,281624.0,62.35,+,+,+,+,,,+,+_29-04-2024 09:00:00,+_22-08-2022 09:00:00,,,+,+,,+,,+,+,+,,+,,12,0
KONTR,29-04-2024,269.0,11.43,72.03,251.02,249.96,249.95,249.05,252.28,249.91,246.46,251.46,101.66,258.97,18182911.67,55.97,+,+,+,+,+,+,+,+_29-04-2024 09:00:00,+_29-04-2024 09:00:00,,,,+,,,,,+,+,,+,,11,0
ESCOM,29-04-2024,98.2,28.96,84.21,84.01,81.35,77.41,71.46,85.35,80.57,81.16,80.99,29.36,90.77,3074900.33,73.33,+,+,,,,,,+_22-01-2024 09:00:00,+_15-01-2024 09:00:00,+,,+,+,,+,,+,+,+,+,+,,11,0
PARSN,29-04-2024,122.9,13.27,80.66,114.34,113.01,111.82,110.48,115.17,112.71,111.94,112.95,63.42,118.7,2881948.67,58.47,+,+,+,+,,,+,+_29-04-2024 09:00:00,+_08-04-2024 09:00:00,,,+,+,,+,,+,,,+,+,,11,0
KLNMA,29-04-2024,17.3,10.19,13.14,16.44,16.36,16.3,16.1,16.5,16.34,16.36,16.37,9.14,16.53,1487516.33,54.28,+,+,+,+,+,,+,+_29-04-2024 09:00:00,+_12-02-2024 09:00:00,,,+,+,,-,,+,,,,+,,10,1
OSMEN,29-04-2024,310.75,46.24,360.34,244.08,234.03,226.15,217.75,250.43,232.0,230.16,228.11,93.27,285.07,1280192.33,72.06,,,,+,+,,+,+_29-04-2024 09:00:00,+_22-01-2024 09:00:00,+,,,+,,+,,,+,+,+,+,,10,0
AGYO,29-04-2024,9.83,11.7,54.58,9.14,9.11,9.09,8.93,9.19,9.11,8.97,9.15,5.02,9.49,19170080.0,57.92,,+,+,+,+,+,+,+_29-04-2024 09:00:00,+_29-04-2024 09:00:00,,,,+,,+,,+,,,,+,,10,0
DIRIT,29-04-2024,18.5,19.97,61.34,16.42,16.23,15.83,14.86,16.56,16.17,16.03,16.42,6.42,17.74,856644.33,62.7,,+,,+,+,,+,+_29-04-2024 09:00:00,+_19-06-2023 09:00:00,,,,+,,+,,,+,+,,+,,9,0
ISDMR,29-04-2024,37.86,5.11,38.19,36.42,36.46,36.61,36.7,36.51,36.5,36.01,36.81,25.57,37.72,17827671.67,53.76,,+,+,,,,+,+_29-04-2024 09:00:00,-_25-03-2024 09:00:00,,,,+,,+,,,+,+,,+,+,9,0
DOFER,29-04-2024,43.2,16.57,139.59,40.79,41.2,41.3,40.74,40.71,41.29,40.59,42.67,38.84,41.11,8708926.67,53.5,+,+,+,,,+,,-_25-03-2024 09:00:00,+_29-04-2024 09:00:00,,,+,+,,,+,+,+,,,,,9,0
YBTAS,29-04-2024,188000.0,9.3,1.41,182838.75,182284.04,178326.49,168326.42,182790.64,181758.42,183524.94,183892.83,66141.59,182733.33,69.67,58.27,+,+,+,+,,,+,+_29-04-2024 09:00:00,+_10-07-2023 09:00:00,-,,+,+,,+,,+,,,,,,9,1
PAGYO,29-04-2024,40.28,4.08,146.91,39.41,39.42,39.34,38.91,39.43,39.42,39.25,39.7,22.09,40.43,1896679.0,55.17,+,+,+,,+,,+,+_29-04-2024 09:00:00,+_08-01-2024 09:00:00,,,+,,,+,,,+,+,,,,9,0
KAYSE,29-04-2024,34.66,11.38,201.31,32.13,32.18,32.78,33.6,32.29,32.28,31.45,32.39,33.38,33.82,28406850.33,51.77,,+,+,,,,+,+_29-04-2024 09:00:00,-_25-12-2023 09:00:00,,,,+,,,+,,+,+,,+,+,9,0
UMPAS,29-04-2024,13.98,22.63,61.28,12.54,12.24,11.71,10.88,12.67,12.13,12.36,12.13,4.17,13.32,847413.0,65.59,+,+,,,,,,+_29-01-2024 09:00:00,+_10-07-2023 09:00:00,,,+,+,,+,,,+,+,+,+,,9,0
VKGYO,29-04-2024,2.26,10.78,0.45,2.08,2.06,2.05,2.04,2.1,2.06,2.04,2.05,1.38,2.19,298755400.0,60.32,,,,+,+,+,+,+_29-04-2024 09:00:00,+_29-04-2024 09:00:00,,,,+,,+,,,,,+,+,+,9,0
SMRTG,29-04-2024,61.4,8.1,176.51,58.99,59.33,60.15,61.0,59.03,59.5,58.41,60.06,43.53,60.0,25851240.0,50.44,+,+,+,,,,,-_11-03-2024 09:00:00,-_11-03-2024 09:00:00,,-,+,+,,,,,+,+,,+,+,9,1
ORGE,29-04-2024,74.65,3.82,21.95,73.01,72.96,72.21,69.62,73.08,72.89,72.44,73.91,29.03,72.82,5215329.0,58.25,+,+,,+,,,+,+_29-04-2024 09:00:00,+_29-05-2023 09:00:00,,,+,+,,+,,,,+,,,,8,0
EUYO,29-04-2024,19.0,13.1,35.17,17.81,17.69,17.33,16.64,17.85,17.63,17.82,17.86,7.52,18.34,3374732.67,57.99,+,+,+,+,,,+,+_29-04-2024 09:00:00,+_29-01-2024 09:00:00,-,,+,,,+,,,,,,+,,8,1
YESIL,29-04-2024,4.82,11.57,1.44,4.33,4.27,4.26,4.31,4.39,4.26,4.18,4.23,3.17,4.82,111236945.67,57.4,,,,+,+,+,+,+_29-04-2024 09:00:00,+_29-04-2024 09:00:00,,,,+,,+,,,+,,+,,,8,0
TERA,29-04-2024,43.16,7.42,50.06,41.3,41.01,40.73,40.01,41.49,40.95,40.79,40.84,32.67,41.99,1611644.33,57.37,+,+,+,+,,,+,+_29-04-2024 09:00:00,+_29-04-2024 09:00:00,,,+,,,,,+,,,,+,,8,0
DOKTA,29-04-2024,36.76,4.08,35.75,35.78,35.69,35.65,35.52,35.87,35.68,35.34,35.94,21.9,36.76,3490925.0,53.65,,+,+,+,+,+,+,+_29-04-2024 09:00:00,+_29-04-2024 09:00:00,,,,+,,-,,,,,,+,,8,1
DENGE,29-04-2024,2.99,14.12,78.83,2.8,2.81,2.81,2.77,2.81,2.81,2.79,2.86,2.14,2.92,118351108.67,55.38,+,+,+,,,+,,-_01-04-2024 09:00:00,+_29-04-2024 09:00:00,,,+,+,,+,,,+,,,,,8,0
TEZOL,29-04-2024,23.38,5.13,7.87,22.68,22.58,22.29,21.68,22.73,22.53,22.52,22.77,10.73,22.97,18809667.67,57.56,+,+,,+,,,+,+_29-04-2024 09:00:00,+_15-01-2024 09:00:00,,,+,+,,,,+,,+,,,,8,0
HUNER,29-04-2024,7.46,5.37,10.69,7.22,7.23,7.28,7.38,7.23,7.24,7.14,7.33,6.9,7.23,97057177.33,50.04,+,+,+,,,,,-_11-03-2024 09:00:00,-_18-03-2024 09:00:00,,,,+,,,,,+,,+,+,+,8,0
PCILT,29-04-2024,14.15,9.1,72.37,13.53,13.6,13.7,13.63,13.55,13.63,13.31,13.84,9.39,13.92,11939542.0,52.63,+,+,+,,,,,-_18-03-2024 09:00:00,-_01-04-2024 09:00:00,,,+,,+,,,+,,+,,,,7,0
OZKGY,29-04-2024,8.88,3.98,-29.15,8.67,8.72,8.79,8.82,8.67,8.74,8.61,8.86,5.16,8.79,47166734.0,50.91,+,+,+,,,,,-_18-03-2024 09:00:00,-_25-03-2024 09:00:00,,,,+,+,-,,+,,,,,+,7,1
ASTOR,29-04-2024,104.1,7.54,76.91,100.09,101.23,103.43,105.32,100.07,101.7,98.68,103.37,90.93,101.37,65583207.67,49.06,+,+,+,,,,,-_11-03-2024 09:00:00,-_18-03-2024 09:00:00,,-,+,,,,,,+,+,,,+,7,1
SELVA,29-04-2024,14.66,2.52,-17.06,14.5,14.48,14.35,14.11,14.49,14.47,14.55,14.63,11.64,14.47,9780010.33,54.48,+,+,+,+,,,+,+_29-04-2024 09:00:00,+_05-02-2024 09:00:00,-,,+,,,,,+,,,,,,7,1
TEKTU,29-04-2024,3.99,7.26,-16.37,3.69,3.65,3.63,3.61,3.73,3.65,3.6,3.67,2.49,3.93,51965290.0,58.1,,,,+,+,+,+,+_29-04-2024 09:00:00,+_29-04-2024 09:00:00,,,,+,,+,,,,,+,,,7,0
MZHLD,29-04-2024,8.83,3.4,76.28,8.58,8.58,8.63,8.67,8.61,8.59,8.46,8.64,6.32,8.69,9242099.67,51.97,,,+,,,,+,+_29-04-2024 09:00:00,-_18-03-2024 09:00:00,,-,,+,,+,,+,+,,,+,,7,1
LRSHO,29-04-2024,3.23,8.03,57.54,3.1,3.07,2.99,2.88,3.11,3.06,3.08,3.08,1.76,3.2,142617531.0,60.63,+,+,,,,,,+_15-01-2024 09:00:00,+_22-01-2024 09:00:00,,,+,+,,+,,+,+,,,,,7,0
QUAGR,29-04-2024,4.45,8.01,111.65,4.22,4.21,4.3,4.55,4.24,4.22,4.16,4.18,3.24,4.39,196043175.33,43.83,,+,+,+,,,+,+_29-04-2024 09:00:00,-_29-04-2024 09:00:00,,,,+,,,,,+,,,,+,7,0
DEVA,29-04-2024,76.6,4.93,23.48,74.89,75.44,76.53,77.28,74.87,75.67,74.48,76.24,46.45,75.33,2642901.0,49.4,+,+,+,,,,,-_26-02-2024 09:00:00,-_11-03-2024 09:00:00,,,+,+,,-,,+,,,,,+,7,1
ECILC,29-04-2024,55.05,7.31,15.28,52.44,52.18,51.71,50.73,52.61,52.1,52.04,52.5,26.24,53.9,17118293.67,60.19,,+,,+,+,,+,+_29-04-2024 09:00:00,+_22-01-2024 09:00:00,,,,,,+,,,,+,,+,,7,0
EKGYO,29-04-2024,10.34,6.82,-14.35,10.01,10.04,9.95,9.65,9.99,10.04,10.0,10.25,5.49,10.14,895145384.0,56.05,+,+,+,,+,,,-_15-04-2024 09:00:00,+_08-01-2024 09:00:00,,,+,+,,+,,,,,,,,7,0
ULUUN,29-04-2024,30.0,2.81,-15.43,29.05,28.99,29.06,29.21,29.16,28.99,28.59,29.15,19.89,29.53,7626161.67,52.86,,,,+,,,+,+_29-04-2024 09:00:00,-_18-03-2024 09:00:00,,,,+,,+,,+,,,+,+,,7,0
KLMSN,29-04-2024,38.68,20.12,195.07,34.24,33.43,32.43,30.97,34.7,33.22,33.06,33.29,17.49,36.78,6017469.67,68.3,,,,,,,,+_15-04-2024 09:00:00,+_15-01-2024 09:00:00,,,,+,,+,,+,+,+,+,+,,7,0
PAMEL,29-04-2024,143.7,4.13,35.71,139.43,139.13,139.2,140.5,139.79,139.12,137.82,140.1,116.02,141.3,1182943.67,50.64,,,+,+,+,,+,+_29-04-2024 09:00:00,-_11-03-2024 09:00:00,,,,+,,-,,,,+,,+,,7,1
NUHCM,29-04-2024,303.0,4.84,118.06,296.32,297.91,300.69,299.78,296.27,298.58,294.94,300.21,141.69,302.0,1406102.67,52.58,+,+,+,,,,,-_04-03-2024 09:00:00,-_01-04-2024 09:00:00,,,+,+,,-,,+,,+,,,,7,1
TUKAS,29-04-2024,8.91,5.44,44.51,8.51,8.44,8.37,8.27,8.56,8.42,8.39,8.45,4.91,8.85,146596383.33,58.0,,,,,,,,+_22-04-2024 09:00:00,+_15-04-2024 09:00:00,,,,+,+,+,,+,+,,+,+,,7,0
GOZDE,29-04-2024,25.18,8.72,21.22,24.28,24.43,24.64,24.7,24.26,24.48,24.28,24.81,14.49,24.61,8832628.33,51.86,+,+,+,,,,,-_25-03-2024 09:00:00,-_01-04-2024 09:00:00,,,+,+,,-,,+,,,,,+,7,1
KRDMB,29-04-2024,21.26,10.96,13.7,19.6,19.53,19.68,19.91,19.74,19.55,19.12,19.61,12.98,20.58,7664047.67,56.29,,,+,+,,,+,+_29-04-2024 09:00:00,-_11-03-2024 09:00:00,,,,+,,+,,,,,,+,+,7,0
BEGYO,29-04-2024,5.33,4.72,-63.6,4.91,4.85,4.8,4.73,4.96,4.84,4.76,4.87,4.58,5.26,134936128.0,56.88,,,,+,+,,,+_22-04-2024 09:00:00,+_22-04-2024 09:00:00,,,,+,,,,,,+,+,+,,6,0
BORLS,29-04-2024,34.96,2.52,-39.42,34.4,34.41,34.7,35.04,34.49,34.46,33.92,34.44,35.47,34.35,18385964.33,49.54,+,+,+,,,,+,+_29-04-2024 09:00:00,-_04-03-2024 09:00:00,,,+,,,,,+,,,,,,6,0
KRDMA,29-04-2024,22.38,9.71,28.81,20.69,20.58,20.75,21.04,20.85,20.6,20.14,20.6,13.68,21.74,9463734.67,55.58,,,+,+,,,+,+_29-04-2024 09:00:00,-_11-03-2024 09:00:00,,,,,,+,,,,,,+,+,6,0
MAKTK,29-04-2024,7.14,5.0,-5.74,7.03,6.98,6.84,6.62,7.04,6.95,6.99,7.0,4.24,6.99,21145919.0,57.83,+,+,,,,,,+_22-01-2024 09:00:00,+_22-01-2024 09:00:00,-,,+,+,,+,,+,,,-,,,6,2
EUPWR,29-04-2024,156.7,2.02,54.33,155.81,157.57,160.87,164.44,155.49,158.25,155.02,159.71,158.49,155.7,10121661.33,44.91,+,,,,,,,-_04-03-2024 09:00:00,-_04-03-2024 09:00:00,,,+,,,,,+,+,+,,,+,6,0
MARBL,29-04-2024,19.66,6.04,3.01,18.91,18.97,19.01,18.89,18.93,18.99,18.64,19.39,18.46,19.22,29439039.0,53.17,,+,+,,,+,,-_18-03-2024 09:00:00,+_29-04-2024 09:00:00,,-,,,+,,,+,,+,,,,6,1
KRDMD,29-04-2024,28.1,8.49,17.95,25.97,25.69,25.61,25.52,26.21,25.66,25.24,25.59,15.5,27.31,267336390.67,59.92,,,,+,+,+,+,+_29-04-2024 09:00:00,+_29-04-2024 09:00:00,,,,,,+,,,,,,,+,6,0
ATSYH,29-04-2024,57.65,16.37,47.17,51.18,50.15,50.28,52.11,51.91,50.05,49.42,49.19,48.45,55.28,299123.33,54.0,,,,+,+,,+,+_29-04-2024 09:00:00,-_11-12-2023 09:00:00,+,,,,,-,,+,,,,,+,6,1
IHEVA,29-04-2024,2.69,5.49,45.74,2.52,2.51,2.51,2.49,2.54,2.51,2.44,2.53,1.77,2.67,57428902.33,55.26,,,,+,+,+,+,+_29-04-2024 09:00:00,+_29-04-2024 09:00:00,,-,,+,,-,,,,,,+,,6,2
ODAS,29-04-2024,10.0,5.37,20.52,9.54,9.5,9.55,9.66,9.58,9.51,9.38,9.55,6.18,9.89,363742505.67,52.37,,,,+,,,+,+_29-04-2024 09:00:00,-_18-03-2024 09:00:00,,,,+,+,-,,,,+,+,,,6,1
HATEK,29-04-2024,15.47,7.28,21.01,14.75,14.64,14.4,13.91,14.81,14.6,14.58,14.74,8.17,15.15,14473152.0,60.05,,,,+,,,+,+_29-04-2024 09:00:00,+_10-07-2023 09:00:00,,,,+,,+,,+,,+,,,,6,0
YEOTK,29-04-2024,236.3,6.83,32.52,223.24,222.27,221.29,216.87,224.29,222.13,219.46,223.94,82.47,227.03,10880382.33,56.75,,,,+,+,,+,+_29-04-2024 09:00:00,+_08-01-2024 09:00:00,,,,+,,,,,,+,,+,,6,0
AKSGY,29-04-2024,19.54,18.86,33.12,17.43,17.03,16.43,15.46,17.64,16.91,17.03,16.92,6.74,18.53,24194456.67,76.44,,,,,,,,+_02-01-2024 09:00:00,+_12-06-2023 09:00:00,+,,,+,,+,,,+,+,,+,,6,0
OFSYM,29-04-2024,49.5,4.78,170.49,48.38,49.09,50.35,52.01,48.28,49.36,47.93,50.34,56.71,51.22,7219524.67,45.53,+,+,,,,,,-_11-03-2024 09:00:00,-_11-03-2024 09:00:00,,-,+,,,,,-,+,+,,,+,6,2
ARDYZ,29-04-2024,44.14,7.03,-19.44,43.23,43.7,43.21,40.57,43.07,43.73,43.0,45.5,14.38,43.46,27236154.0,56.85,+,+,+,,+,,,-_25-03-2024 09:00:00,+_29-04-2024 09:00:00,,,+,,,,,+,,,,,,6,0
FRIGO,29-04-2024,8.41,5.39,75.88,8.06,8.0,7.93,7.82,8.1,7.99,7.92,8.04,5.0,8.27,11173541.0,58.1,,,,+,,,,+_22-04-2024 09:00:00,+_08-04-2024 09:00:00,,,,+,,+,,+,+,,,+,,6,0
GESAN,29-04-2024,79.4,7.88,34.54,74.74,74.2,74.41,75.29,75.23,74.18,73.22,74.03,39.18,76.63,21536311.0,53.86,,,,+,+,,+,+_29-04-2024 09:00:00,-_04-03-2024 09:00:00,,,,+,,,,+,,,+,,,6,0
MTRKS,29-04-2024,68.45,8.22,22.82,65.77,66.32,65.27,61.35,65.61,66.3,65.66,69.2,29.74,64.9,3722708.0,57.6,+,+,+,,+,,,-_01-04-2024 09:00:00,+_29-04-2024 09:00:00,,,+,,,,,+,,,,,,6,0
VESTL,29-04-2024,96.3,14.03,179.29,88.98,86.41,82.25,77.05,89.9,85.54,87.57,85.33,43.63,91.98,49999425.67,69.23,+,,,,,,,+_29-01-2024 09:00:00,+_05-02-2024 09:00:00,,,+,,,+,,+,,+,,+,,6,0
PSDTC,29-04-2024,149.4,29.91,487.81,124.65,116.85,106.91,95.61,127.9,114.62,119.72,110.49,40.58,139.23,1244187.0,79.41,,,,,,,,+_15-01-2024 09:00:00,+_26-06-2023 09:00:00,,,,,,+,,+,+,+,,+,,5,0
ALMAD,29-04-2024,7.9,3.54,-8.93,7.77,7.8,7.84,7.86,7.77,7.81,7.73,7.9,4.45,7.74,13303848.67,50.93,+,+,+,,,,,-_25-03-2024 09:00:00,-_25-03-2024 09:00:00,,,+,,,-,,+,,,,,,5,1
GLRYH,29-04-2024,12.77,3.57,-0.41,12.39,12.39,12.35,12.14,12.42,12.39,12.23,12.57,6.81,12.49,8780385.67,55.35,,,,+,+,,+,+_29-04-2024 09:00:00,+_25-12-2023 09:00:00,,,,,,+,,,,+,,,,5,0
BRISA,29-04-2024,126.6,6.21,29.3,124.96,123.51,119.24,112.07,125.11,122.76,125.48,123.83,52.57,125.77,3368340.33,61.02,+,+,,,,,,+_15-01-2024 09:00:00,+_12-06-2023 09:00:00,,,+,,,+,,+,,,,,,5,0
SAFKR,29-04-2024,42.1,3.03,2.39,41.32,40.97,40.28,38.57,41.48,40.86,40.71,40.95,17.33,41.15,4489232.67,60.06,+,,,,,,,+_08-04-2024 09:00:00,+_26-06-2023 09:00:00,,,+,+,,+,,+,,,,,,5,0
ALCTL,29-04-2024,116.6,0.95,-35.13,116.27,116.35,114.98,111.67,116.16,116.2,116.08,118.29,61.74,116.63,2526100.67,55.4,+,+,,,,,,-_01-04-2024 09:00:00,+_22-01-2024 09:00:00,,,+,,,+,,,,+,,,,5,0
KLRHO,29-04-2024,45.0,4.36,-20.88,44.11,44.51,44.39,42.87,44.0,44.57,43.9,45.93,24.33,44.6,3282042.33,54.77,+,+,+,,,,,-_25-03-2024 09:00:00,+_29-04-2024 09:00:00,,,+,,,,,+,,,,,,5,0
SNPAM,29-04-2024,109.0,9.33,-39.29,97.57,95.93,96.56,96.34,98.98,95.9,94.33,93.3,37.13,102.72,375266.33,57.45,,,,+,+,+,+,+_29-04-2024 09:00:00,+_29-04-2024 09:00:00,+,,,,,-,,,,,,,,5,1
TTRAK,29-04-2024,942.0,4.09,58.68,924.21,915.19,893.9,860.1,925.91,911.19,927.46,913.77,379.64,929.33,2160951.0,63.74,+,+,,,,,,+_29-01-2024 09:00:00,+_22-01-2024 09:00:00,,,+,,,+,,+,,,,,,5,0
CLEBI,29-04-2024,1846.0,7.76,4.98,1759.58,1684.64,1561.86,1412.59,1779.9,1658.61,1748.8,1618.92,587.15,1802.67,835874.33,73.75,+,,,,,,,+_22-01-2024 09:00:00,+_08-01-2024 09:00:00,,,+,,,+,,+,,,,+,,5,0
TATEN,29-04-2024,34.3,5.67,10.58,33.75,34.29,35.19,36.39,33.65,34.48,33.53,35.19,40.11,33.61,18604762.0,45.77,+,+,,,,,,-_04-03-2024 09:00:00,-_04-03-2024 09:00:00,,,+,+,,,,+,,,,,,5,0
DZGYO,29-04-2024,5.32,8.35,-3.53,5.03,4.98,4.94,4.86,5.06,4.97,4.93,4.99,3.04,5.14,15184603.33,59.19,,,,+,,,,+_22-04-2024 09:00:00,+_22-01-2024 09:00:00,,,,+,,+,,+,,,,+,,5,0
DURDO,29-04-2024,17.35,6.38,-46.51,16.73,16.83,17.02,17.14,16.75,16.87,16.53,17.04,10.86,16.96,2991812.33,51.37,+,+,+,,,,,-_11-03-2024 09:00:00,-_18-03-2024 09:00:00,,,+,,,-,,+,,,,,,5,1
BVSAN,29-04-2024,132.2,19.42,185.46,118.54,115.47,112.02,107.87,120.04,114.67,115.33,113.61,85.96,124.73,5978613.67,65.85,+,,,,,,,+_01-04-2024 09:00:00,+_29-01-2024 09:00:00,,,+,+,,,,+,,,,+,,5,0
GLBMD,29-04-2024,40.82,2.56,169.85,39.49,39.39,39.34,38.7,39.62,39.39,39.07,39.49,17.26,41.15,2071302.67,56.27,,,,+,+,,+,+_29-04-2024 09:00:00,+_22-04-2024 09:00:00,,,,,,-,,-,+,,,+,,5,2
QNBFB,29-04-2024,410.0,36.89,29.16,327.17,311.44,298.92,285.55,336.12,308.12,309.98,297.1,114.89,375.0,169052.0,71.61,,,,,,,,+_26-02-2024 09:00:00,+_26-02-2024 09:00:00,,+,,,,+,,+,+,,+,,,5,0
CASA,29-04-2024,98.65,2.44,34.51,97.3,97.55,98.53,101.01,97.31,97.69,97.04,98.21,97.59,97.67,217439.67,46.97,+,+,+,,,,,-_11-03-2024 09:00:00,-_04-12-2023 09:00:00,,,+,,,-,+,,,,,,,5,1
AKFYE,29-04-2024,25.98,7.62,71.96,24.96,24.72,24.07,22.85,25.06,24.61,24.69,25.01,17.91,25.84,75647731.67,57.53,+,+,,,,,,+_15-04-2024 09:00:00,+_15-01-2024 09:00:00,,,+,,,,,+,,+,,,,5,0
AKFGY,29-04-2024,2.32,2.65,-19.69,2.29,2.29,2.29,2.28,2.28,2.29,2.28,2.33,1.64,2.3,388290461.33,51.85,+,+,+,,,+,,-_01-04-2024 09:00:00,+_29-04-2024 09:00:00,,,,,,+,,,,,,,,5,0
HLGYO,29-04-2024,3.44,4.56,-13.53,3.2,3.16,3.13,3.09,3.23,3.16,3.12,3.18,2.11,3.37,182153483.33,59.5,,,,+,,,+,+_29-04-2024 09:00:00,+_22-04-2024 09:00:00,,,,,,+,,,,+,+,,,5,0
OSTIM,29-04-2024,6.71,8.58,76.93,6.31,6.38,6.67,7.12,6.33,6.43,6.17,6.46,4.4,6.48,25601373.0,45.11,,+,+,,,,,-_27-11-2023 09:00:00,-_18-12-2023 09:00:00,,,,+,,-,,+,+,,,,,5,1
MAALT,29-04-2024,1404.0,13.13,87.5,1290.3,1262.64,1221.72,1156.27,1303.09,1254.38,1266.38,1252.72,482.92,1359.33,233880.67,67.08,,,,,,,,+_15-01-2024 09:00:00,+_05-06-2023 09:00:00,,,,,,+,,+,+,,+,+,,5,0
SDTTR,29-04-2024,347.0,2.28,32.36,341.22,342.09,342.27,337.45,341.43,342.35,337.56,347.49,254.48,346.0,2970230.0,53.72,,+,+,,,,,-_18-03-2024 09:00:00,+_15-01-2024 09:00:00,,-,,+,,,,+,,+,,,,5,1
LIDER,29-04-2024,71.0,5.19,64.42,70.3,70.07,69.11,67.29,70.25,69.9,70.79,70.18,42.21,70.55,4158420.0,54.5,+,+,+,,,,,+_12-02-2024 09:00:00,+_05-02-2024 09:00:00,,,+,,,,,+,,,,,,5,0
MEPET,29-04-2024,14.04,11.69,85.18,13.09,12.76,12.18,11.32,13.21,12.65,12.91,12.63,5.37,13.42,6537923.33,65.33,+,,,,,,,+_15-01-2024 09:00:00,+_19-06-2023 09:00:00,,,+,+,,+,,+,,,,,,5,0
SAYAS,29-04-2024,86.95,6.36,55.95,85.65,86.87,88.63,89.26,85.37,87.29,85.46,88.65,40.21,84.65,6822103.67,49.16,+,+,,,,,,-_11-03-2024 09:00:00,-_18-03-2024 09:00:00,,,+,,+,-,,+,,,,,-,5,2
EKIZ,29-04-2024,87.8,23.66,35.53,76.72,73.08,68.07,61.98,78.15,71.98,74.83,70.37,23.26,82.2,217655.33,70.4,+,,,,,,,+_05-02-2024 09:00:00,+_29-01-2024 09:00:00,,,+,,,+,,+,,,,+,,5,0
EREGL,29-04-2024,44.18,3.22,18.02,43.01,43.1,43.22,43.03,43.05,43.14,42.7,43.51,29.83,43.96,353494040.33,54.31,,,+,,,,,-_18-03-2024 09:00:00,-_01-04-2024 09:00:00,,,,+,,+,,,,+,,,+,5,0
BIENY,29-04-2024,44.1,3.38,8.32,43.09,43.28,43.92,45.17,43.12,43.39,42.69,43.72,49.58,43.35,9505027.33,45.82,,+,+,,,,,-_04-03-2024 09:00:00,-_29-04-2024 09:00:00,,,,+,,,,+,,,+,,,5,0
EKOS,29-04-2024,50.85,4.63,23.48,49.91,50.55,51.02,50.75,49.78,50.72,49.61,51.98,49.1,49.42,22346402.0,50.42,+,+,,,,,,-_11-03-2024 09:00:00,-_01-04-2024 09:00:00,,,+,,,,+,+,,,,,,5,0
FADE,29-04-2024,18.77,2.01,-15.74,18.37,18.31,18.24,17.98,18.41,18.3,18.12,18.46,11.03,18.52,6965866.67,54.64,,,,+,,,+,+_29-04-2024 09:00:00,+_22-01-2024 09:00:00,,,,+,,,,+,,+,,,,5,0
BINHO,29-04-2024,505.5,10.19,85.17,492.58,498.48,496.61,484.01,490.35,499.14,494.31,518.8,449.34,495.33,5806945.67,52.93,+,+,+,,,,,-_01-04-2024 09:00:00,+_29-04-2024 09:00:00,,,+,,,,,+,,,,,,5,0
BIOEN,29-04-2024,20.12,5.67,-35.08,19.08,19.01,19.08,19.15,19.17,19.02,18.74,19.08,11.84,19.59,29283270.67,54.48,,,,+,,,+,+_29-04-2024 09:00:00,-_18-03-2024 09:00:00,,,,+,+,,,,,,,+,,5,0
UNLU,29-04-2024,16.66,8.53,29.31,16.36,16.64,16.98,17.21,16.29,16.72,16.43,17.02,9.5,16.24,6547468.33,47.93,+,+,,,,,,-_11-03-2024 09:00:00,-_18-03-2024 09:00:00,,,+,,+,,,+,,,,,,5,0
PRDGS,29-04-2024,6.87,2.54,-38.31,6.74,6.77,6.86,6.98,6.74,6.79,6.66,6.86,6.77,6.76,14925851.33,47.83,,+,+,,,,,-_11-03-2024 09:00:00,-_11-03-2024 09:00:00,,,,,,,+,+,,,,,,4,0
HEKTS,29-04-2024,16.08,4.28,97.77,16.05,16.46,17.17,18.3,15.94,16.6,16.1,16.92,15.83,15.86,183961030.0,37.53,+,,,,,,,-_04-03-2024 09:00:00,-_14-08-2023 09:00:00,,,+,,,-,+,+,,,,,,4,1
SURGY,29-04-2024,48.28,1.26,-14.51,46.11,45.77,45.62,45.39,46.41,45.73,44.94,46.05,44.75,48.07,13749825.33,54.99,,,,+,+,+,,+_22-04-2024 09:00:00,+_29-04-2024 09:00:00,,,,,,,,,,,+,,,4,0
SASA,29-04-2024,46.7,14.18,112.88,42.61,41.86,41.42,41.72,43.03,41.71,41.82,41.24,29.2,44.79,214972712.33,56.5,,,,,,+,,+_18-03-2024 09:00:00,+_29-04-2024 09:00:00,,,,+,,-,,,+,+,,,,4,1
INDES,29-04-2024,9.56,3.24,-31.12,9.32,9.28,9.11,8.73,9.33,9.26,9.29,9.44,4.52,9.52,45319585.0,58.13,,,,+,,,+,+_29-04-2024 09:00:00,+_22-01-2024 09:00:00,,,,,,+,,+,,,,,,4,0
KATMR,29-04-2024,2.37,0.85,20.05,2.3,2.29,2.29,2.28,2.31,2.29,2.26,2.31,1.57,2.4,296191784.67,54.7,,,,+,+,+,+,+_29-04-2024 09:00:00,+_29-04-2024 09:00:00,,,,,,-,,-,,,,,,4,2
SEKFK,29-04-2024,21.18,8.34,7.4,19.25,18.81,18.37,17.78,19.5,18.71,18.68,18.58,10.11,20.16,5535065.33,64.64,,,,,,,,+_22-04-2024 09:00:00,+_08-01-2024 09:00:00,+,,,+,,+,,,,,+,,,4,0
ICBCT,29-04-2024,16.34,0.12,-14.75,16.2,16.18,16.16,15.83,16.23,16.18,16.0,16.2,9.1,16.18,6484793.33,55.23,,,,+,+,,,+_22-04-2024 09:00:00,+_26-06-2023 09:00:00,,-,,,,+,,+,,,,,,4,1
EUREN,29-04-2024,16.2,4.65,83.17,15.82,16.02,16.24,16.33,15.78,16.08,15.78,16.44,13.25,15.98,58729286.67,49.74,+,+,,,,,,-_25-03-2024 09:00:00,-_01-04-2024 09:00:00,,,+,,,,,,+,,,,,4,0
KLSER,29-04-2024,61.9,4.12,115.92,61.67,62.88,64.78,67.17,61.36,63.29,61.64,64.48,73.14,60.32,11420200.33,42.54,+,,,,,,,-_11-03-2024 09:00:00,-_04-03-2024 09:00:00,,-,+,,,,,+,+,,,,,4,1
IHLGM,29-04-2024,1.53,2.68,-21.78,1.46,1.45,1.46,1.46,1.47,1.45,1.43,1.45,1.15,1.52,151436363.67,53.56,,,,+,+,,+,+_29-04-2024 09:00:00,-_11-03-2024 09:00:00,,,,,,-,,+,,,,,,4,1
PNSUT,29-04-2024,100.9,12.99,82.05,92.58,90.66,88.31,85.31,93.53,90.15,90.46,89.84,48.2,97.57,1994899.67,69.72,,,,,,,,+_22-01-2024 09:00:00,+_22-01-2024 09:00:00,,,,+,,+,,+,,,,+,,4,0
GZNMI,29-04-2024,45.46,8.96,5.89,43.92,43.39,41.64,38.59,43.97,43.09,44.34,43.66,22.05,43.85,3030897.0,67.0,+,+,,,,,,+_08-01-2024 09:00:00,+_08-01-2024 09:00:00,,,+,+,,,,,,,,,,4,0
KIMMR,29-04-2024,11.31,11.21,37.7,10.74,10.57,10.16,9.55,10.78,10.49,10.74,10.6,6.15,10.78,17391034.0,61.85,+,+,,,,,,+_22-01-2024 09:00:00,+_29-01-2024 09:00:00,,,+,,,,,+,,,,,,4,0
FROTO,29-04-2024,1133.0,2.16,29.58,1128.93,1113.92,1076.33,1022.73,1130.29,1106.83,1138.09,1108.13,508.29,1123.67,4203694.33,64.86,+,,,,,,,+_22-01-2024 09:00:00,+_22-01-2024 09:00:00,,,+,,,+,,+,,,,,,4,0
SISE,29-04-2024,51.4,1.88,20.59,49.72,49.4,49.25,49.15,49.95,49.35,49.06,49.28,30.51,51.35,150253320.0,56.66,,,,,+,+,,+_22-04-2024 09:00:00,+_29-04-2024 09:00:00,,,,,,+,,,,,+,,,4,0
EGGUB,29-04-2024,47.3,3.05,1.1,45.98,46.16,46.73,47.19,46.06,46.27,45.37,46.57,29.4,46.77,2040748.0,50.53,,,+,,,,,-_11-03-2024 09:00:00,-_18-03-2024 09:00:00,,,,+,,-,,,,,,+,+,4,1
KAREL,29-04-2024,16.16,4.33,7.42,15.46,15.33,15.16,14.84,15.54,15.3,15.2,15.42,7.7,15.78,19398684.67,59.04,,,,,,,,+_22-04-2024 09:00:00,+_05-02-2024 09:00:00,,,,+,,+,,,,+,,+,,4,0
SMART,29-04-2024,48.06,3.27,-17.1,46.59,46.45,45.35,42.3,46.66,46.32,46.19,47.41,15.96,47.61,14111988.33,59.79,,,,+,,,+,+_29-04-2024 09:00:00,+_03-07-2023 09:00:00,,,,,,+,,+,,,,,,4,0
SANKO,29-04-2024,25.3,3.43,49.85,24.38,24.24,23.99,23.53,24.48,24.19,24.03,24.46,13.71,25.46,3655689.0,57.18,,,,+,,,,+_22-04-2024 09:00:00,+_29-01-2024 09:00:00,,,,+,,+,,-,,,,+,,4,1
ECZYT,29-04-2024,242.9,3.8,17.85,238.8,241.92,247.45,250.98,238.34,243.14,237.66,245.57,130.61,240.57,2893708.33,47.66,+,+,,,,,,-_26-02-2024 09:00:00,-_11-03-2024 09:00:00,,,+,+,,-,,,,,,,,4,1
GEDZA,29-04-2024,29.58,2.0,7.96,28.67,28.19,27.34,26.01,28.84,28.02,28.27,28.09,13.62,29.14,4485507.33,63.09,,,,,,,,+_22-01-2024 09:00:00,+_03-07-2023 09:00:00,,,,+,,+,,+,,+,,,,4,0
EGSER,29-04-2024,4.03,2.81,23.55,3.89,3.88,3.9,3.95,3.9,3.88,3.83,3.91,2.96,3.99,25997509.0,51.38,,,,+,,,+,+_29-04-2024 09:00:00,-_11-03-2024 09:00:00,,,,+,,-,,,,,+,,,4,1
PRKAB,29-04-2024,37.46,0.75,-6.07,36.99,36.95,36.73,36.11,37.02,36.93,36.71,37.37,24.58,36.97,4136008.33,54.75,,,,+,,,+,+_29-04-2024 09:00:00,+_29-01-2024 09:00:00,,,,,,+,,,,+,,,,4,0
EGEEN,29-04-2024,16825.0,6.24,103.94,16307.26,15991.2,15344.69,14275.99,16394.36,15869.65,16187.33,15875.38,5575.33,17082.5,126699.67,66.65,+,,,,,,,+_29-01-2024 09:00:00,+_05-06-2023 09:00:00,,,+,+,,+,,,,,-,,,4,1
EGEPO,29-04-2024,21.9,4.39,-11.65,20.54,20.25,20.21,20.36,20.74,20.22,19.97,20.01,13.7,21.81,6024057.33,55.21,,,,,+,+,,+_22-04-2024 09:00:00,+_29-04-2024 09:00:00,,,,,+,,,,,,+,,,4,0
IZENR,29-04-2024,28.22,3.52,0.93,27.93,28.35,29.17,30.47,27.86,28.51,27.76,28.95,34.66,27.87,22201290.0,42.94,+,,,,,,,-_04-03-2024 09:00:00,-_29-04-2024 09:00:00,,,+,,,,,+,,+,,,,4,0
ISFIN,29-04-2024,12.5,6.38,-9.08,11.75,11.61,11.59,11.58,11.85,11.59,11.48,11.45,7.32,12.26,55679532.0,57.94,,,,,+,+,,+_22-04-2024 09:00:00,+_29-04-2024 09:00:00,+,,,,,-,,+,,,,,,4,1
MTRYO,29-04-2024,9.03,5.61,6.07,8.81,8.75,8.59,8.32,8.81,8.72,8.87,8.8,4.28,8.84,2274239.33,56.07,+,+,,,,,,+_12-02-2024 09:00:00,+_19-02-2024 09:00:00,,,+,,,-,,+,,,,,,4,1
VAKFN,29-04-2024,3.12,2.97,-45.56,3.06,3.07,3.09,3.1,3.06,3.07,3.01,3.1,1.79,3.09,163840683.0,51.15,,+,+,,,,,-_11-03-2024 09:00:00,-_18-03-2024 09:00:00,,,,+,,-,,+,,,,,,4,1
MGROS,29-04-2024,470.0,6.15,44.32,450.8,448.18,441.14,425.29,452.12,447.08,447.31,451.71,186.13,459.58,8935235.33,62.31,,,,+,,,+,+_29-04-2024 09:00:00,+_29-04-2024 09:00:00,,,,+,,+,,,,,,,,4,0
AYDEM,29-04-2024,29.5,7.66,-21.05,28.12,27.81,27.08,25.8,28.24,27.68,27.94,27.95,13.81,28.92,10500487.67,62.51,+,,,,,,,+_15-01-2024 09:00:00,+_08-01-2024 09:00:00,-,,,+,,,,+,,+,,,,4,1
AVOD,29-04-2024,3.75,4.17,32.27,3.59,3.58,3.59,3.61,3.61,3.58,3.54,3.59,2.82,3.66,42141524.33,53.95,,,,+,+,,+,+_29-04-2024 09:00:00,-_18-03-2024 09:00:00,,,,,,-,,,,,+,,,4,1
ASGYO,29-04-2024,14.72,3.66,23.25,14.56,14.71,15.02,15.53,14.53,14.77,14.51,14.91,17.19,14.5,24800439.33,43.51,+,+,,,,,,-_04-03-2024 09:00:00,-_29-04-2024 09:00:00,,,+,,,,,+,,,,,,4,0
BALAT,29-04-2024,30.54,19.67,54.17,26.52,25.82,25.24,24.71,26.92,25.67,25.75,25.46,14.09,29.53,608060.0,61.59,,,,,,,,+_22-04-2024 09:00:00,+_19-02-2024 09:00:00,,,,+,,-,,,+,+,+,,,4,1
ASELS,29-04-2024,62.2,5.25,21.93,59.68,58.79,57.24,54.59,60.02,58.49,58.98,58.5,25.95,61.35,198900528.67,71.2,,,,,,,,+_05-06-2023 09:00:00,+_12-06-2023 09:00:00,,,,+,,+,,,,+,,+,,4,0
ARZUM,29-04-2024,47.8,2.4,45.73,47.72,48.04,47.5,45.88,47.51,48.01,48.12,49.46,26.0,47.62,5739435.0,53.76,+,,+,,,,,-_15-04-2024 09:00:00,+_05-02-2024 09:00:00,,,+,,,,,,+,,,,,4,0
OYLUM,29-04-2024,11.39,4.59,86.28,11.06,10.98,10.75,10.28,11.09,10.95,11.0,11.07,4.87,11.19,10216709.33,60.15,+,,,,,,,+_15-01-2024 09:00:00,+_02-01-2024 09:00:00,,,,,,+,,+,+,,,,,4,0
MEGMT,29-04-2024,45.86,2.83,3.03,45.29,45.89,46.15,45.73,45.14,46.02,45.04,47.73,44.12,45.41,36995930.0,50.62,+,,,,,,,-_25-03-2024 09:00:00,-_08-04-2024 09:00:00,,,+,,,,,+,,+,,,,4,0
MEKAG,29-04-2024,62.95,3.62,60.02,62.67,63.83,65.28,66.22,62.38,64.19,62.53,65.58,66.34,62.33,5506424.0,47.03,+,,,,,,,-_11-03-2024 09:00:00,-_18-03-2024 09:00:00,,,+,,,,,+,+,,,,,4,0
BASGZ,29-04-2024,21.2,3.11,-1.52,20.65,20.6,20.52,20.25,20.7,20.59,20.41,20.78,17.31,21.01,6547610.0,56.17,,,,+,+,,+,+_29-04-2024 09:00:00,+_22-01-2024 09:00:00,,-,,+,,,,,,,,,,4,1
OYYAT,29-04-2024,46.36,2.93,-0.37,44.81,44.57,44.51,44.78,45.0,44.53,44.17,44.71,27.91,46.13,1333866.0,53.42,,,,+,+,+,,+_22-04-2024 09:00:00,+_29-04-2024 09:00:00,,,,+,,,,,,,,,,4,0
OZGYO,29-04-2024,5.91,-0.84,-60.88,5.77,5.75,5.75,5.73,5.79,5.75,5.66,5.79,3.81,5.85,21639348.0,52.97,,,,+,+,+,,+_22-04-2024 09:00:00,+_29-04-2024 09:00:00,,,,-,,-,,+,-,,,,,4,3
KRTEK,29-04-2024,39.52,3.56,46.58,37.1,36.25,35.28,33.89,37.55,36.03,35.96,35.71,19.06,39.29,4630388.0,63.5,,,,,,,,+_15-04-2024 09:00:00,+_03-07-2023 09:00:00,+,,,,,+,,+,,,+,,,4,0
TSGYO,29-04-2024,11.47,4.18,63.43,11.4,11.01,10.26,9.33,11.47,10.85,11.48,10.67,4.84,11.16,25357446.67,71.38,+,,,,,,,+_05-02-2024 09:00:00,+_12-02-2024 09:00:00,,,,,,+,,+,+,,,,,4,0
ALCAR,29-04-2024,1472.0,4.4,35.05,1478.51,1488.91,1465.7,1393.61,1469.76,1487.26,1505.64,1524.73,607.29,1444.0,307871.0,56.21,,,+,,,,,-_15-04-2024 09:00:00,+_26-06-2023 09:00:00,-,,+,,,+,,+,,,,,,4,1
A1CAP,29-04-2024,32.32,2.34,-8.65,31.26,31.13,31.21,31.64,31.39,31.13,30.81,31.23,33.72,31.78,8338257.67,50.84,,,,+,+,,+,+_29-04-2024 09:00:00,-_11-03-2024 09:00:00,,+,,,,,,,,,,,,4,0
ZEDUR,29-04-2024,87.2,4.74,80.67,83.95,83.4,82.77,81.3,84.34,83.28,82.56,83.59,43.11,85.68,2253229.67,57.98,,,,,,,,+_22-04-2024 09:00:00,+_26-06-2023 09:00:00,,,,+,,+,,+,,,,+,,4,0
CWENE,29-04-2024,306.0,2.09,38.95,299.04,298.08,298.9,299.61,300.15,298.16,294.22,298.47,281.54,301.25,5686911.0,52.0,,,,+,+,,,+_22-04-2024 09:00:00,-_11-03-2024 09:00:00,,,,,,,,+,,,,+,,4,0
CUSAN,29-04-2024,26.44,4.42,-21.06,25.78,25.55,25.0,24.1,25.85,25.46,25.61,25.63,14.43,25.99,5048618.0,58.69,+,,,,,,,+_08-01-2024 09:00:00,+_08-01-2024 09:00:00,-,,+,,,+,,+,,,,,,4,1
TLMAN,29-04-2024,137.3,6.85,9.43,132.13,128.68,122.94,115.2,133.2,127.5,130.82,126.3,56.24,135.03,2732770.33,64.13,+,,,,,,,+_22-01-2024 09:00:00,+_05-06-2023 09:00:00,,,+,,,+,,+,,-,,,,4,1
NTHOL,29-04-2024,31.36,2.48,-29.29,29.41,28.84,27.99,26.62,29.69,28.67,28.83,28.64,13.0,31.0,11436146.0,66.16,,,,,,,,+_22-04-2024 09:00:00,+_05-06-2023 09:00:00,,,,,,+,,,,+,+,+,,4,0
CONSE,29-04-2024,7.56,8.0,-3.4,6.85,6.63,6.48,6.42,6.96,6.59,6.55,6.49,6.36,7.38,202336115.67,63.68,,,,,,,,+_15-04-2024 09:00:00,+_15-04-2024 09:00:00,+,,,+,,,,+,+,,,,,4,0
MSGYO,29-04-2024,14.66,2.95,13.33,14.25,14.24,14.2,13.85,14.28,14.24,14.05,14.35,7.12,14.6,3537142.33,56.93,,,,+,+,,+,+_29-04-2024 09:00:00,+_05-06-2023 09:00:00,,,,,,+,,,,,,,,4,0
ANHYT,29-04-2024,60.5,12.56,59.13,54.26,52.4,50.43,48.07,55.18,51.94,52.26,51.14,23.16,58.98,6048155.67,69.29,,,,,,,,+_08-04-2024 09:00:00,+_08-01-2024 09:00:00,,,,,,+,,+,+,,,,,3,0
YYLGD,29-04-2024,14.58,4.29,-11.35,14.05,14.08,14.26,14.58,14.09,14.11,13.82,14.2,13.54,14.32,46183997.0,49.06,,,+,,,,,-_11-03-2024 09:00:00,-_04-03-2024 09:00:00,,,,+,,,,+,,,,,,3,0
GEDIK,29-04-2024,16.04,6.86,1.24,15.01,14.79,14.68,14.57,15.15,14.76,14.67,14.64,7.93,15.74,4667445.33,60.32,,,,,,,,+_22-04-2024 09:00:00,+_22-04-2024 09:00:00,+,,,,,+,,,,,+,,,3,0
ARENA,29-04-2024,58.5,13.59,55.8,51.26,49.31,47.09,43.98,52.29,48.82,48.86,48.22,20.02,56.17,4459707.33,71.08,,,,,,,,+_15-04-2024 09:00:00,+_19-06-2023 09:00:00,+,,,,,+,,,,,+,,,3,0
INFO,29-04-2024,12.4,6.8,13.7,11.91,12.14,12.54,12.93,11.89,12.22,11.75,12.53,7.98,12.12,10684307.0,46.72,+,+,,,,,,-_11-03-2024 09:00:00,-_18-03-2024 09:00:00,,,,,,-,,,,+,,,,3,1
ANGEN,29-04-2024,14.21,1.57,0.22,13.8,13.68,13.64,13.74,13.88,13.66,13.59,13.58,14.61,13.91,12100112.67,53.19,,,,,,+,,+_15-04-2024 09:00:00,+_29-04-2024 09:00:00,+,,,,,,,+,,,,,,3,0
IHLAS,29-04-2024,1.17,3.54,-23.6,1.11,1.1,1.1,1.1,1.12,1.1,1.09,1.1,0.83,1.16,279674753.67,56.51,,,,,+,+,,+_22-04-2024 09:00:00,+_29-04-2024 09:00:00,,,,,,-,,,,,+,,,3,1
FMIZP,29-04-2024,349.5,2.34,151.0,343.84,340.93,335.49,323.63,344.85,339.94,341.53,339.84,168.02,355.67,870288.33,59.56,,,,,,,,+_18-03-2024 09:00:00,+_26-06-2023 09:00:00,,,+,,,+,,-,+,,,,,3,1
IHAAS,29-04-2024,14.55,3.19,-1.35,14.11,14.08,14.22,15.05,14.15,14.09,13.96,14.08,22.72,14.32,4967163.67,43.3,,,+,+,,,+,+_29-04-2024 09:00:00,-_29-04-2024 09:00:00,,,,,,,,,,,,,,3,0
VESBE,29-04-2024,22.86,4.77,95.45,21.91,21.35,20.57,19.61,22.11,21.18,21.56,20.91,10.86,22.82,48638062.67,67.59,,,,,,,,+_22-01-2024 09:00:00,+_02-01-2024 09:00:00,,,,,,+,,,,+,,+,,3,0
YONGA,29-04-2024,101.6,7.57,54.61,90.8,86.92,81.4,74.46,92.4,85.74,88.28,84.74,36.03,102.05,155264.67,69.45,,,,,,,,+_29-01-2024 09:00:00,+_29-01-2024 09:00:00,,,,,,+,,-,+,+,,,,3,1
HUBVC,29-04-2024,12.0,-3.3,-17.42,12.21,12.23,12.05,11.53,12.19,12.22,12.2,12.52,6.81,11.94,15613548.67,55.02,-,-,-,-,,,-,-_29-04-2024 09:00:00,+_03-07-2023 09:00:00,,-,-,+,,+,,+,-,,,,,3,8
INGRM,29-04-2024,610.0,2.69,-4.44,609.23,612.8,612.64,605.39,608.01,613.34,605.7,626.49,304.15,601.33,431396.67,51.13,+,,,,,,,-_25-03-2024 09:00:00,+_05-02-2024 09:00:00,,,+,,,-,,+,,,,,,3,1
SANEL,29-04-2024,30.04,1.69,-37.68,29.18,28.91,28.46,27.44,29.33,28.84,28.76,28.78,13.97,29.47,3010514.33,58.99,,,,,,,,+_15-04-2024 09:00:00,+_27-11-2023 09:00:00,,,,,,+,,+,,,,+,,3,0
INTEM,29-04-2024,305.0,3.57,38.67,306.11,307.86,303.92,290.51,304.7,307.6,309.34,314.76,121.65,300.92,821073.0,55.09,,,+,,,,,-_15-04-2024 09:00:00,+_12-06-2023 09:00:00,,,+,,,-,,+,,,,,,3,1
MMCAS,29-04-2024,23.46,46.26,77.1,17.28,16.04,14.85,13.65,17.97,15.75,16.04,15.17,6.57,21.52,1314684.67,69.56,,,,,,,,+_22-04-2024 09:00:00,+_22-01-2024 09:00:00,,,,,,+,,,+,+,,,,3,0
RTALB,29-04-2024,13.2,2.25,-0.07,12.88,13.0,13.29,13.53,12.9,13.06,12.67,13.15,9.98,12.97,18015718.67,47.93,,+,,,,,,-_04-03-2024 09:00:00,-_11-03-2024 09:00:00,,,,+,,-,,+,,,,,,3,1
IMASM,29-04-2024,21.1,2.23,45.58,19.35,18.66,17.89,17.41,19.67,18.48,18.78,18.19,20.74,21.38,76422771.0,63.27,,,,,,,,+_05-02-2024 09:00:00,+_26-02-2024 09:00:00,,,,,,,+,-,+,+,,,,3,1
INVEO,29-04-2024,51.4,4.43,-24.35,47.41,46.47,46.07,45.74,48.02,46.32,45.73,45.71,24.45,50.02,7785210.0,59.21,,,,,,,,+_22-04-2024 09:00:00,+_22-04-2024 09:00:00,+,,,,,+,,,,,+,,,3,0
ISBIR,29-04-2024,165.0,23.5,38.27,140.27,135.39,130.87,126.58,142.92,134.25,134.93,132.33,77.01,154.4,199803.0,64.14,,,,,,,,+_22-04-2024 09:00:00,+_19-02-2024 09:00:00,,,,+,,-,,,+,+,,,,3,1
AKYHO,29-04-2024,8.03,14.39,19.05,7.25,6.88,6.36,5.75,7.38,6.77,7.08,6.54,2.77,7.74,72416141.33,77.71,,,,,,,,+_04-12-2023 09:00:00,+_27-11-2023 09:00:00,,,,,,+,,+,,,,+,,3,0
KLSYN,29-04-2024,6.83,6.55,-16.45,6.52,6.47,6.4,6.29,6.55,6.45,6.44,6.48,4.35,6.62,13836810.0,58.31,,,,,,,,+_22-04-2024 09:00:00,+_05-02-2024 09:00:00,,,,+,,,,+,,,,+,,3,0
GOODY,29-04-2024,21.9,3.11,15.08,21.22,21.25,21.32,21.4,21.26,21.26,21.05,21.51,14.43,21.65,5727084.0,51.84,,,,,,,,-_25-03-2024 09:00:00,-_01-04-2024 09:00:00,,,,,,+,,,,+,,+,,3,0
ONCSM,29-04-2024,183.0,5.23,-9.42,180.66,184.96,188.31,187.51,179.35,186.02,181.33,193.27,151.95,179.37,2294227.67,49.31,+,,,,,,,-_18-03-2024 09:00:00,-_08-04-2024 09:00:00,,,+,,,,,+,,,,,,3,0
GOKNR,29-04-2024,24.44,0.58,-37.85,23.4,23.25,23.23,23.17,23.54,23.24,22.89,23.35,21.2,24.39,23369919.33,54.95,,,,+,+,+,,+_22-04-2024 09:00:00,+_29-04-2024 09:00:00,,,,,,,,,,,,,,3,0
YAYLA,29-04-2024,21.64,5.36,29.75,22.08,21.45,19.71,17.18,22.08,21.13,22.51,21.15,6.45,21.59,11020810.0,59.63,,+,,,,,,+_08-01-2024 09:00:00,+_08-01-2024 09:00:00,,,,,,+,,+,,,,,,3,0
YATAS,29-04-2024,35.92,12.25,-9.73,32.24,31.43,30.87,30.72,32.71,31.27,31.1,30.9,22.34,34.45,12456632.67,61.93,,,,,,,,+_22-04-2024 09:00:00,+_22-04-2024 09:00:00,+,,,,+,+,,,,,,,,3,0
SAMAT,29-04-2024,51.5,2.08,57.43,51.54,51.86,51.45,48.87,51.44,51.89,51.33,52.75,19.18,51.45,2406869.67,54.84,,,+,,,,,-_25-03-2024 09:00:00,+_06-11-2023 09:00:00,,,+,,,+,,,,,,,,3,0
YAPRK,29-04-2024,490.0,8.35,46.77,438.94,419.11,389.71,348.56,447.02,413.01,425.92,407.0,107.23,467.42,1703732.67,78.8,,,,,,,,+_29-05-2023 09:00:00,+_29-05-2023 09:00:00,,,,,,+,,,+,+,,,,3,0
EUKYO,29-04-2024,34.86,34.08,49.77,28.78,27.02,24.77,22.08,29.51,26.52,27.62,25.56,8.09,31.64,2560186.0,74.0,,,,,,,,+_23-10-2023 09:00:00,+_05-06-2023 09:00:00,,,,,,+,,,,+,,+,,3,0
DAGI,29-04-2024,8.8,3.17,181.33,8.5,8.4,8.33,8.28,8.55,8.39,8.36,8.35,5.29,8.77,12208784.33,56.51,,,,,,,,+_15-04-2024 09:00:00,+_15-04-2024 09:00:00,+,+,,,,-,,,+,,,,,3,1
BRMEN,29-04-2024,7.06,10.31,20.79,6.51,6.31,5.97,5.5,6.58,6.24,6.5,6.19,2.47,6.95,1364945.33,66.67,,,,,,,,+_29-01-2024 09:00:00,+_19-06-2023 09:00:00,,,,,,+,,,,+,,+,,3,0
KTSKR,29-04-2024,75.85,4.19,82.86,72.93,72.31,71.77,70.94,73.31,72.18,71.78,72.16,47.89,74.87,2816605.0,58.91,,,,,,,,+_22-04-2024 09:00:00,+_08-04-2024 09:00:00,,,,,,,,+,+,,,+,,3,0
LIDFA,29-04-2024,9.3,5.44,-38.24,8.82,8.7,8.58,8.35,8.89,8.67,8.68,8.57,3.83,9.19,41875321.0,62.24,,,,,,,,+_08-04-2024 09:00:00,+_05-06-2023 09:00:00,,,,+,,+,,+,,,,,,3,0
KERVT,29-04-2024,14.9,11.78,28.15,13.53,13.23,12.88,12.47,13.69,13.15,13.24,13.11,8.45,14.52,15288031.0,64.99,,,,,,,,+_22-01-2024 09:00:00,+_29-01-2024 09:00:00,,,,,,+,,+,,,,+,,3,0
ULUSE,29-04-2024,200.1,6.44,45.8,186.32,181.03,175.04,169.55,188.7,179.61,181.55,177.4,119.97,197.8,1257023.33,65.16,,,,,,,,+_29-01-2024 09:00:00,+_12-02-2024 09:00:00,,,,,,+,,+,+,,,,,3,0
ULKER,29-04-2024,115.3,4.63,57.81,111.67,109.82,106.41,100.63,112.28,109.17,110.68,109.13,45.83,114.2,25685970.67,69.12,,,,,,,,+_22-01-2024 09:00:00,+_29-05-2023 09:00:00,,,+,,,+,,+,,,,,,3,0
BOSSA,29-04-2024,13.9,17.7,246.43,12.12,11.69,11.32,10.95,12.35,11.6,11.6,11.37,6.14,13.37,17952650.0,73.72,,,,,,,,+_08-04-2024 09:00:00,+_29-01-2024 09:00:00,,,,,,+,,+,+,,,,,3,0
DOBUR,29-04-2024,182.0,9.11,-23.42,171.7,164.48,150.8,132.96,173.5,161.73,173.06,159.54,55.58,174.67,1810869.67,67.41,,,,,,,,+_29-01-2024 09:00:00,+_10-07-2023 09:00:00,,,+,,,+,,+,,,,,,3,0
POLHO,29-04-2024,13.63,1.49,-49.71,13.62,13.73,13.86,13.9,13.58,13.76,13.65,13.89,8.7,13.47,45760089.67,49.0,+,,,,,,,-_01-04-2024 09:00:00,-_01-04-2024 09:00:00,,,+,,,-,,+,,,,,,3,1
EMKEL,29-04-2024,15.63,2.9,57.77,15.71,15.98,16.32,16.43,15.63,16.06,15.76,16.25,6.97,15.56,15671668.0,47.34,,,,,,,,-_04-03-2024 09:00:00,-_11-03-2024 09:00:00,,,,,,-,,+,+,,,,+,3,1
BRSAN,29-04-2024,620.0,4.03,120.25,616.93,624.65,633.91,636.7,614.41,626.87,619.03,637.07,261.82,616.5,3238079.33,49.18,+,,,,,,,-_25-03-2024 09:00:00,-_01-04-2024 09:00:00,,,+,,,-,,+,,,,,,3,1
BSOKE,29-04-2024,23.7,4.41,-22.89,23.76,22.94,21.23,18.82,23.89,22.61,24.01,22.24,6.4,23.37,15359950.33,67.09,,+,,,,,,+_03-07-2023 09:00:00,+_24-07-2023 09:00:00,,,,,,+,,+,,,,,,3,0
BUCIM,29-04-2024,8.87,4.23,1.4,8.41,8.31,8.23,8.18,8.47,8.29,8.26,8.25,4.85,8.73,74729406.67,58.43,,,,,,,,+_22-04-2024 09:00:00,+_22-04-2024 09:00:00,+,+,,,,-,,,,,+,,,3,1
PLTUR,29-04-2024,17.09,2.7,-11.35,16.65,16.76,16.82,16.63,16.64,16.79,16.55,17.14,14.64,16.83,11651032.67,52.82,,+,+,,,+,,-_01-04-2024 09:00:00,+_29-04-2024 09:00:00,,,,,,,,,,,,,,3,0
SOKM,29-04-2024,61.7,7.21,3.0,60.76,61.49,61.97,61.43,60.51,61.66,61.05,62.94,32.21,60.12,57784971.0,51.69,+,+,,,,,,-_25-03-2024 09:00:00,-_15-04-2024 09:00:00,,-,+,,,-,,,,,,,,3,2
KRSTL,29-04-2024,9.0,1.81,44.2,8.99,9.27,9.76,10.2,8.94,9.37,8.94,9.52,6.6,8.81,24631934.67,43.05,+,,,,,,,-_08-01-2024 09:00:00,-_04-03-2024 09:00:00,,,+,,,-,,+,,,,,,3,1
BERA,29-04-2024,19.32,1.63,-19.72,19.5,19.16,18.35,17.32,19.53,19.0,19.68,19.0,10.12,19.3,99299892.33,61.89,,+,,,,,,+_05-02-2024 09:00:00,+_19-02-2024 09:00:00,,,,,,+,,+,,-,,,,3,1
KRONT,29-04-2024,24.5,0.41,40.79,24.07,23.69,22.81,21.35,24.18,23.53,23.8,23.8,11.15,24.7,5734990.0,62.19,,,,,,,,+_22-01-2024 09:00:00,+_15-01-2024 09:00:00,,,,+,,+,,,,+,,,,3,0
KARTN,29-04-2024,135.3,5.37,116.37,136.02,133.84,126.83,116.82,135.8,132.57,139.3,133.18,68.5,137.6,4417622.33,61.97,,+,,,,,,+_05-02-2024 09:00:00,+_12-02-2024 09:00:00,,,,,,+,,,+,,,,,3,0
EPLAS,29-04-2024,7.35,2.08,57.13,6.92,6.78,6.66,6.57,6.99,6.75,6.73,6.69,4.42,7.29,26603488.33,61.48,,,,,,,,+_15-04-2024 09:00:00,+_08-04-2024 09:00:00,+,,,,,+,,,+,,,,,3,0
AYES,29-04-2024,51.1,13.56,99.28,45.77,44.42,42.77,40.65,46.42,44.05,44.56,43.74,19.88,49.14,289566.33,64.56,,,,,,,,+_05-02-2024 09:00:00,+_05-02-2024 09:00:00,,,,,,+,,,+,+,,,,3,0
IHGZT,29-04-2024,1.23,1.65,-68.92,1.22,1.23,1.24,1.26,1.22,1.23,1.2,1.24,1.18,1.23,309267210.67,48.66,+,+,,,,,,-_11-03-2024 09:00:00,-_18-03-2024 09:00:00,,,+,,,-,,,,,,,,3,1
TATGD,29-04-2024,27.7,1.32,-21.68,27.61,28.26,29.51,30.97,27.5,28.52,27.25,29.09,22.14,27.39,10666165.33,40.14,+,,,,,,,-_11-03-2024 09:00:00,-_04-03-2024 09:00:00,,,+,,,-,,+,,,,,,3,1
KONYA,29-04-2024,12072.5,7.86,17.78,11391.35,11023.58,10487.38,9764.48,11521.81,10908.73,11200.78,10731.5,3783.88,11785.0,148622.0,69.55,,,,,,,,+_29-01-2024 09:00:00,+_05-06-2023 09:00:00,,,,,,+,,+,,,,+,,3,0
DGGYO,29-04-2024,35.26,0.4,23.97,34.64,34.61,34.51,34.25,34.69,34.59,34.44,34.86,20.1,34.69,2179728.0,52.75,,,,+,+,,+,+_29-04-2024 09:00:00,+_22-04-2024 09:00:00,,,,,,-,,,,,,,,3,1
BAGFS,29-04-2024,26.3,4.78,-3.76,25.25,25.49,26.37,27.73,25.31,25.64,24.8,25.69,21.29,25.53,9946746.67,45.03,,+,,,,,,-_18-12-2023 09:00:00,-_25-12-2023 09:00:00,,,,+,,-,,+,,,,,,3,1
AZTEK,29-04-2024,109.9,4.87,93.2,110.42,113.75,117.38,117.0,109.52,114.74,110.37,118.42,67.91,106.82,3668510.0,48.13,,,,,,,,-_18-03-2024 09:00:00,-_01-04-2024 09:00:00,,-,+,,,,,+,+,,,,,3,1
PETUN,29-04-2024,98.75,9.0,15.7,91.92,89.86,87.21,83.95,92.86,89.28,89.89,88.81,46.41,97.05,1783053.33,68.11,,,,,,,,+_22-01-2024 09:00:00,+_29-01-2024 09:00:00,,,,+,,+,,,,+,,,,3,0
BASCM,29-04-2024,16.4,6.84,1.26,15.69,15.32,14.55,13.43,15.78,15.17,15.82,15.12,5.62,16.05,833205.0,65.33,,,,,,,,+_29-01-2024 09:00:00,+_29-01-2024 09:00:00,,,+,,,+,,+,,,,,,3,0
PENGD,29-04-2024,8.77,6.95,-56.19,8.04,7.8,7.6,7.46,8.17,7.75,7.71,7.64,5.33,8.61,41094461.33,62.92,,,,,,,,+_15-04-2024 09:00:00,+_15-04-2024 09:00:00,+,,,,,+,,+,,,,,,3,0
PKENT,29-04-2024,337.5,-5.53,-25.19,341.43,338.42,328.25,307.42,341.84,336.8,340.64,340.48,149.39,344.92,1271700.33,58.29,-,-,,,,,,+_30-10-2023 09:00:00,+_10-07-2023 09:00:00,,,-,,,+,,-,-,+,,,,2,5
KLGYO,29-04-2024,6.02,1.52,-78.97,5.71,5.57,5.29,4.91,5.76,5.51,5.65,5.52,2.47,6.13,204561288.67,67.91,,,,,,,,+_29-01-2024 09:00:00,+_05-02-2024 09:00:00,,,,,,+,,,,+,,,,2,0
KORDS,29-04-2024,100.4,-0.3,19.86,97.91,96.87,95.22,92.92,98.37,96.54,96.77,96.93,57.27,101.12,5663675.0,59.27,,,,,,,,+_15-04-2024 09:00:00,+_05-02-2024 09:00:00,-,,,,,+,,-,-,+,,,,2,3
PINSU,29-04-2024,23.4,0.95,68.88,23.56,23.16,21.93,19.9,23.57,22.95,23.85,23.12,8.22,23.27,1989431.33,70.6,,,,,,,,+_06-11-2023 09:00:00,+_26-06-2023 09:00:00,,,,-,,+,,+,,,,,,2,1
KERVN,29-04-2024,2.16,-0.46,11.39,2.16,2.11,1.98,1.8,2.16,2.09,2.2,2.1,0.92,2.14,6512274.33,64.01,,,,,,,,+_29-01-2024 09:00:00,+_12-02-2024 09:00:00,,,,,,+,,+,-,,,,,2,1
NUGYO,29-04-2024,7.46,-4.85,-39.73,7.42,7.33,7.24,7.17,7.46,7.31,7.3,7.29,6.45,7.56,14509692.0,54.9,,,,,,,,+_15-04-2024 09:00:00,+_08-04-2024 09:00:00,+,,,,,+,,-,-,,,,,2,2
KMPUR,29-04-2024,63.8,-6.25,-21.06,63.54,63.23,63.5,64.12,63.84,63.24,62.31,63.16,51.56,65.78,9607343.67,49.44,,,,,+,,,+_22-04-2024 09:00:00,-_11-03-2024 09:00:00,,,-,,-,,,-,-,,+,,,2,4
MNDRS,29-04-2024,14.07,7.16,57.11,12.92,12.57,12.14,11.65,13.1,12.47,12.53,12.4,6.42,13.88,21243411.67,66.67,,,,,,,,+_08-04-2024 09:00:00,+_05-02-2024 09:00:00,,,,,,+,,,+,,,,,2,0
IZINV,29-04-2024,58.9,-1.75,-35.83,58.17,56.55,53.7,49.89,58.6,55.96,58.09,55.24,24.46,58.53,2499677.0,66.33,,,,,,,,+_15-01-2024 09:00:00,+_12-06-2023 09:00:00,,,,,,+,,+,-,-,,,,2,2
KCHOL,29-04-2024,232.7,7.24,10.09,219.02,210.93,199.6,186.04,221.82,208.43,215.51,203.39,83.67,229.23,62310997.67,79.88,,,,,,,,+_29-05-2023 09:00:00,+_01-08-2022 09:00:00,,,,,,+,,,,+,,,,2,0
ISSEN,29-04-2024,11.52,2.4,26.69,11.19,11.16,11.22,11.53,11.23,11.17,11.03,11.2,14.07,11.4,8154762.67,46.94,,,,+,,,+,+_29-04-2024 09:00:00,-_29-04-2024 09:00:00,,,,,,,,,,,,,,2,0
OTKAR,29-04-2024,519.0,4.64,55.52,500.98,496.27,488.91,472.71,503.33,494.91,494.89,495.16,211.5,513.5,1511232.33,63.78,,,,,,,,+_01-04-2024 09:00:00,+_05-06-2023 09:00:00,,,,,,+,,,,,,+,,2,0
MARKA,29-04-2024,90.8,-4.42,19.47,99.32,99.82,94.79,83.71,98.02,99.19,104.0,102.61,21.39,89.33,1172189.33,57.81,,,,-,,,-,-_29-04-2024 09:00:00,+_15-02-2023 09:00:00,,,,,,+,,+,-,,,,,2,3
MEDTR,29-04-2024,32.64,2.06,27.62,32.59,32.93,33.35,33.8,32.49,33.03,32.58,33.63,23.47,32.66,2521317.0,47.21,+,,,,,,,-_25-03-2024 09:00:00,-_01-04-2024 09:00:00,,,+,,,,,,,,,,,2,0
LUKSK,29-04-2024,131.9,3.21,80.9,120.37,114.42,106.58,96.92,122.81,112.7,115.64,110.17,38.61,135.67,2802241.33,80.31,,,,,,,,+_30-10-2023 09:00:00,+_19-06-2023 09:00:00,,,,,,+,,-,+,,,,,2,1
MEGAP,29-04-2024,8.36,46.15,278.33,6.22,5.79,5.47,5.24,6.46,5.7,5.7,5.43,2.98,7.67,70901717.67,80.92,,,,,,,,+_22-04-2024 09:00:00,+_08-04-2024 09:00:00,,,,,,+,,,+,,,,,2,0
KAPLM,29-04-2024,174.4,-0.91,64.87,171.56,166.5,156.77,144.62,172.67,164.53,172.12,163.32,74.26,181.8,505658.0,65.91,,,,,,,,+_29-01-2024 09:00:00,+_12-02-2024 09:00:00,,,,,,+,,-,,+,,,,2,1
KARSN,29-04-2024,14.59,10.53,-8.76,12.5,11.87,11.29,10.86,12.83,11.72,11.83,11.34,7.26,14.56,291460052.0,74.88,,,,,,,,+_08-04-2024 09:00:00,+_12-02-2024 09:00:00,,,,,,+,,,+,,,,,2,0
METRO,29-04-2024,3.13,8.68,7.43,2.83,2.75,2.68,2.6,2.87,2.73,2.73,2.7,1.79,3.11,53751164.33,69.3,,,,,,,,+_08-04-2024 09:00:00,+_02-01-2024 09:00:00,+,,,,,+,,,,,,,,2,0
ISMEN,29-04-2024,37.7,4.26,-15.26,35.25,34.82,34.58,34.15,35.57,34.76,34.34,34.74,15.69,37.41,33768975.33,60.31,,,,,+,,,+_22-04-2024 09:00:00,+_22-04-2024 09:00:00,,,,,,+,,,,,,,,2,0
ISKPL,29-04-2024,8.91,3.24,27.39,8.66,8.61,8.56,8.47,8.69,8.6,8.53,8.64,7.18,8.87,12713134.0,55.25,,,,,,,,+_22-04-2024 09:00:00,+_15-04-2024 09:00:00,,,,,,,,+,,,,+,,2,0
KARYE,29-04-2024,40.94,4.97,61.76,41.33,42.24,42.13,40.25,40.93,42.36,41.64,44.75,23.07,40.31,11306390.0,52.27,,,,,,,,-_25-03-2024 09:00:00,+_08-01-2024 09:00:00,,,+,,,,,+,,,,,,2,0
PRKME,29-04-2024,25.26,0.64,-45.33,24.5,24.13,23.8,23.48,24.69,24.04,23.91,23.94,14.0,25.04,12794605.0,57.22,,,,,,,,+_15-04-2024 09:00:00,+_15-04-2024 09:00:00,,,,,,+,,+,,,,,,2,0
MERCN,29-04-2024,13.73,3.23,50.33,13.58,13.78,14.0,13.97,13.53,13.85,13.48,14.15,7.87,13.66,9663847.67,49.51,+,,,,,,,-_11-03-2024 09:00:00,-_25-03-2024 09:00:00,,,+,,,,,,,,,,,2,0
IPEKE,29-04-2024,41.8,0.1,42.07,41.37,41.11,40.63,40.09,41.43,41.01,41.29,41.14,25.64,42.79,27062465.0,54.04,,,,,,,,+_05-02-2024 09:00:00,+_12-02-2024 09:00:00,,,,,,-,,-,,+,,,+,2,2
KNFRT,29-04-2024,12.55,4.32,-5.89,11.74,11.58,11.42,11.19,11.84,11.54,11.47,11.56,6.22,12.23,11200896.0,60.5,,,,,,,,+_22-04-2024 09:00:00,+_29-01-2024 09:00:00,,,,,,+,,,,,+,,,2,0
ZRGYO,29-04-2024,7.25,5.84,33.05,6.83,6.74,6.61,6.4,6.89,6.71,6.66,6.71,3.75,7.24,25784275.0,64.61,,,,,,,,+_15-04-2024 09:00:00,+_25-12-2023 09:00:00,,,,,,,,+,,,,+,,2,0
QNBFL,29-04-2024,144.0,1.98,14.55,146.41,145.18,139.29,128.42,145.88,144.2,151.28,144.69,41.01,141.03,252097.0,59.56,,,,,,,,+_26-02-2024 09:00:00,+_12-06-2023 09:00:00,,,,,,+,,+,,,,,,2,0
AVGYO,29-04-2024,8.9,-1.0,-38.42,8.77,8.68,8.61,8.47,8.82,8.66,8.61,8.59,4.49,8.9,4909521.67,55.51,,,,,,,,+_15-04-2024 09:00:00,+_15-04-2024 09:00:00,+,,,,,+,,,-,,,,,2,1
ALGYO,29-04-2024,45.72,-0.26,16.59,45.13,44.97,44.53,43.64,45.2,44.9,44.87,45.24,24.73,45.85,6801411.67,56.54,,,,,,,,+_22-04-2024 09:00:00,+_22-01-2024 09:00:00,,,,,,+,,-,-,+,,,,2,2
ALKIM,29-04-2024,38.48,-2.58,-10.36,36.62,36.49,36.76,37.05,36.87,36.54,35.61,36.77,26.2,39.65,11291548.0,52.73,,,,+,,,+,+_29-04-2024 09:00:00,-_25-03-2024 09:00:00,,,,,,-,,-,-,,,,,2,3
BIMAS,29-04-2024,417.25,7.96,35.05,395.06,389.77,381.01,364.8,397.44,388.11,390.33,387.89,172.65,405.17,16586140.67,66.08,,,,,,,,+_05-06-2023 09:00:00,+_29-04-2024 09:00:00,,,,,,+,,,,+,,,,2,0
DOCO,29-04-2024,5040.0,0.9,-11.95,4999.23,4957.96,4850.35,4645.88,5007.9,4939.43,4998.11,4949.67,2247.55,5024.17,39461.67,69.49,,,,,,,,+_23-10-2023 09:00:00,+_17-10-2022 09:00:00,,,,+,,+,,,,,,,,2,0
ARCLK,29-04-2024,173.5,3.15,76.24,166.61,163.28,159.11,154.63,167.95,162.33,163.68,161.04,90.27,173.87,24621657.33,63.89,,,,,,,,+_01-04-2024 09:00:00,+_05-02-2024 09:00:00,,,,,,+,,-,+,,,,,2,1
SUNTK,29-04-2024,17.42,-0.68,7.06,17.39,17.47,17.57,17.54,17.38,17.5,17.3,17.67,13.97,17.59,3391772.33,50.03,,-,,,,,,-_18-03-2024 09:00:00,-_01-04-2024 09:00:00,,+,,,,,,-,-,+,,,,2,3
DMSAS,29-04-2024,7.24,5.08,-31.12,6.76,6.52,6.22,5.89,6.85,6.46,6.59,6.35,3.66,7.18,26747110.0,73.83,,,,,,,,+_29-01-2024 09:00:00,+_05-02-2024 09:00:00,,,,,,+,,+,,,,,,2,0
ARSAN,29-04-2024,18.1,9.23,0.45,16.11,15.38,14.59,13.76,16.45,15.19,15.38,14.79,6.89,17.8,25793772.0,76.61,,,,,,,,+_08-01-2024 09:00:00,+_02-01-2024 09:00:00,,,,,,+,,+,,,,,,2,0
VKFYO,29-04-2024,23.52,4.44,-13.04,22.7,22.89,23.44,23.92,22.73,23.0,22.39,22.91,12.81,23.17,2607985.33,48.9,,+,+,,,,,-_05-02-2024 09:00:00,-_26-02-2024 09:00:00,,,,,,-,,,,,,,,2,1
DGNMO,29-04-2024,14.61,11.7,86.37,13.22,12.75,12.26,11.8,13.44,12.63,12.79,12.36,6.26,14.13,19755399.67,70.28,,,,,,,,+_05-02-2024 09:00:00,+_05-02-2024 09:00:00,,,,,,+,,,+,,,,,2,0
TBORG,29-04-2024,96.9,0.83,-3.02,92.42,90.49,87.71,83.32,93.24,89.92,90.88,89.33,39.22,96.55,226615.33,68.76,,,,,,,,+_25-12-2023 09:00:00,+_17-07-2023 09:00:00,,,,,,+,,,,,+,,,2,0
ATEKS,29-04-2024,155.2,-2.33,-34.64,154.13,152.29,147.35,138.58,154.65,151.45,152.26,153.6,69.29,153.23,641006.33,61.32,,,,,,,,+_02-01-2024 09:00:00,+_20-11-2023 09:00:00,,,,,,+,,+,-,,-,,,2,2
ATLAS,29-04-2024,6.19,0.32,-26.79,6.06,5.92,5.73,5.53,6.11,5.88,6.01,5.8,3.0,6.16,14767987.0,60.79,,,,,,,,+_12-02-2024 09:00:00,+_19-02-2024 09:00:00,,,,,,+,,+,,-,,,,2,1
TGSAS,29-04-2024,90.0,13.92,-15.78,76.03,70.45,63.35,55.37,78.37,68.85,72.34,66.03,22.13,87.8,2143145.0,84.15,,,,,,,,+_15-01-2024 09:00:00,+_19-06-2023 09:00:00,,,,,,+,,+,,,,,,2,0
SNKRN,29-04-2024,47.66,5.82,-20.31,41.62,40.12,38.51,36.59,42.45,39.75,39.75,39.43,22.61,44.61,398234.33,65.88,,,,,,,,+_22-04-2024 09:00:00,+_05-02-2024 09:00:00,,,,,,+,,,,+,,,,2,0
TKFEN,29-04-2024,52.75,8.09,-40.01,47.7,46.33,45.24,44.43,48.46,46.04,45.91,45.35,32.05,51.43,47490468.0,66.77,,,,,,,,+_15-04-2024 09:00:00,+_15-04-2024 09:00:00,+,,,,,+,,,,,,,,2,0
CEOEM,29-04-2024,18.45,2.67,-12.19,18.13,18.46,19.0,19.34,18.09,18.59,17.91,19.0,12.59,18.07,4897277.33,47.61,+,,,,,,,-_11-03-2024 09:00:00,-_18-03-2024 09:00:00,,,,,,-,,+,,,,,-,2,2
CEMTS,29-04-2024,11.0,-0.9,-15.1,10.61,10.63,10.78,10.95,10.66,10.66,10.34,10.76,7.32,10.9,35819967.67,50.0,,,,,,,+,+_29-04-2024 09:00:00,-_11-03-2024 09:00:00,,,,+,,-,,,-,,,,,2,2
AYCES,29-04-2024,734.0,1.1,10.54,741.89,761.79,776.37,752.62,736.55,767.15,736.89,797.92,256.39,729.33,444787.33,51.04,,,,,,,,-_04-03-2024 09:00:00,-_15-04-2024 09:00:00,,,,,,+,,+,,,,,,2,0
IDGYO,29-04-2024,6.7,-1.18,-39.89,6.57,6.45,6.29,6.11,6.61,6.42,6.5,6.39,3.58,6.61,5696285.0,58.49,,,,,,,,+_12-02-2024 09:00:00,+_12-02-2024 09:00:00,,,,,,+,,+,-,,,,,2,1
TOASO,29-04-2024,267.0,-1.29,19.85,267.88,267.07,264.32,260.51,267.83,266.57,268.78,267.98,146.56,272.5,25643737.33,54.48,-,-,,,,,,+_22-01-2024 09:00:00,+_05-02-2024 09:00:00,,,-,-,,-,,-,-,+,,,+,2,7
TRGYO,29-04-2024,45.8,0.13,-2.27,44.97,43.79,42.01,39.61,45.34,43.41,44.46,42.77,17.2,45.77,15649112.67,69.52,,,,,,,,+_15-01-2024 09:00:00,+_29-05-2023 09:00:00,,,,,,+,,+,,,,,,2,0
CANTE,29-04-2024,18.72,0.11,-16.19,18.6,18.49,18.4,18.48,18.65,18.46,18.45,18.42,16.24,18.56,148088955.0,49.96,,,,,,,,+_08-04-2024 09:00:00,+_15-04-2024 09:00:00,+,,,,,,,+,,-,,,,2,1
AYEN,29-04-2024,33.58,5.86,-32.95,30.87,30.01,29.31,29.04,31.32,29.82,29.87,29.35,20.4,32.36,13835387.33,64.52,,,,,,,,+_08-04-2024 09:00:00,+_15-04-2024 09:00:00,,,,,+,+,,,,,,,,2,0
BAKAB,29-04-2024,56.6,8.85,-3.47,51.87,49.91,47.72,45.11,52.76,49.4,50.06,48.13,22.01,55.2,1711317.33,68.6,,,,,,,,+_06-11-2023 09:00:00,+_19-06-2023 09:00:00,,,,,,+,,+,,,,,,2,0
BANVT,29-04-2024,198.0,7.84,48.94,180.63,173.49,163.67,151.69,183.52,171.36,175.8,168.85,82.63,191.27,2673633.67,71.64,,,,,,,,+_22-01-2024 09:00:00,+_22-01-2024 09:00:00,,,,,,+,,,+,,,,,2,0
BAYRK,29-04-2024,71.35,11.22,6.41,60.28,55.94,50.13,42.79,62.13,54.68,57.21,52.7,11.65,70.08,12288620.33,76.53,,,,,,,,+_18-12-2023 09:00:00,+_18-12-2023 09:00:00,,,,,,,,,+,,,+,,2,0
BEYAZ,29-04-2024,25.9,-1.67,-46.62,25.08,24.41,23.67,22.83,25.36,24.24,24.45,23.85,14.2,25.75,11990181.33,63.5,,,,,,,,+_05-02-2024 09:00:00,+_29-01-2024 09:00:00,,,,,,+,,+,-,,,,,2,1
ALFAS,29-04-2024,95.2,3.31,80.15,95.24,96.12,97.49,98.95,94.95,96.4,95.22,97.49,78.76,94.02,18672044.67,47.7,,,,,,,,-_15-04-2024 09:00:00,-_11-03-2024 09:00:00,,,+,,,,,+,,,,,,2,0
DOGUB,29-04-2024,21.74,-0.73,-29.2,21.68,21.62,21.25,20.39,21.7,21.57,21.63,21.78,10.67,21.54,5951905.33,57.98,,,,,,,,+_08-04-2024 09:00:00,+_20-11-2023 09:00:00,,,,,,+,,+,-,,,,,2,1
AKSEN,29-04-2024,39.54,2.49,-0.4,38.18,37.72,37.21,36.7,38.41,37.61,37.59,37.57,24.26,39.24,27765636.0,58.03,,,,,,,,+_08-04-2024 09:00:00,+_29-01-2024 09:00:00,+,,,,,+,,,,,,,,2,0
FORTE,29-04-2024,72.45,1.12,-37.34,72.42,73.58,74.99,76.01,72.13,73.94,72.09,75.68,75.81,71.6,4684114.33,46.36,+,,,,,,,-_11-03-2024 09:00:00,-_25-03-2024 09:00:00,,,+,,,,,,,,,,,2,0
RODRG,29-04-2024,112.4,11.29,54.11,102.2,98.19,92.32,84.89,103.79,96.95,99.42,95.79,39.03,111.33,876218.67,69.07,,,,,,,,+_22-01-2024 09:00:00,+_30-10-2023 09:00:00,,,,,,+,,,,,,+,,2,0
YYAPI,29-04-2024,5.7,28.96,-17.43,4.5,4.24,4.02,3.83,4.65,4.18,4.17,4.02,2.11,5.44,183968440.67,75.74,,,,,,,,+_22-04-2024 09:00:00,+_15-01-2024 09:00:00,,,,,,+,,+,,,,,,2,0
GSDDE,29-04-2024,10.7,2.29,-37.44,10.46,10.31,10.05,9.69,10.5,10.26,10.38,10.24,5.78,10.55,17672182.0,58.71,,,,,,,,+_08-01-2024 09:00:00,+_22-01-2024 09:00:00,,,,+,,+,,,,,,,,2,0
HEDEF,29-04-2024,24.44,1.66,177.51,25.04,25.62,26.34,26.7,24.84,25.8,25.26,26.17,14.89,25.12,3055303.0,44.76,,,,,,,,-_19-02-2024 09:00:00,-_11-03-2024 09:00:00,,,,,,,,,+,+,,,,2,0
YKSLN,29-04-2024,25.04,8.96,55.23,22.68,21.55,20.15,18.66,23.12,21.23,22.07,20.45,9.57,24.19,8011186.0,74.77,,,,,,,,+_22-01-2024 09:00:00,+_29-04-2024 09:00:00,,,,,,+,,,+,,,,,2,0
GRNYO,29-04-2024,10.8,4.96,-31.83,10.85,10.64,10.17,9.59,10.86,10.55,11.0,10.45,4.93,10.68,49597878.67,57.22,,+,,,,,,+_22-01-2024 09:00:00,+_05-02-2024 09:00:00,,,,,,+,,,,,,,,2,0
EMNIS,29-04-2024,417.25,19.21,31.89,328.63,293.79,253.82,212.95,343.76,284.4,303.03,262.8,64.79,403.08,86826.0,85.93,,,,,,,,+_29-01-2024 09:00:00,+_12-06-2023 09:00:00,,,,,,+,,,+,,,,,2,0
ADEL,29-04-2024,743.0,0.75,103.69,713.38,687.05,645.75,595.41,721.56,678.22,706.0,668.42,214.78,763.0,2922299.33,69.44,,,,,,,,+_29-01-2024 09:00:00,+_29-01-2024 09:00:00,,,,,,+,,-,+,,,,,2,1
GEREL,29-04-2024,42.32,1.98,-14.46,39.89,38.47,36.23,33.56,40.37,37.99,39.56,37.45,14.87,42.71,26497365.0,63.46,,,,,,,,+_05-02-2024 09:00:00,+_12-02-2024 09:00:00,,,,,,+,,-,,+,,,,2,1
SANFM,29-04-2024,61.0,-1.53,-37.74,63.49,63.35,61.51,57.18,63.27,63.1,63.95,64.21,22.06,60.5,1996072.33,56.57,,,-,,,,,+_12-06-2023 09:00:00,+_03-07-2023 09:00:00,-,,,,,+,,+,-,-,,,,2,4
SARKY,29-04-2024,35.04,3.55,-16.97,33.55,33.16,32.81,32.5,33.77,33.07,32.96,33.04,19.14,34.5,6929230.0,57.49,,,,,,,,+_08-04-2024 09:00:00,+_08-04-2024 09:00:00,,,,,,+,,+,,,,,,2,0
FZLGY,29-04-2024,12.42,2.05,-2.03,12.33,12.54,12.9,13.38,12.29,12.62,12.23,12.85,14.72,12.17,14787455.33,43.06,+,,,,,,,-_11-03-2024 09:00:00,-_11-03-2024 09:00:00,,-,+,,,,,,,,,,,2,1
FLAP,29-04-2024,9.6,-0.31,-9.96,10.0,10.46,10.9,11.02,9.85,10.58,10.12,11.13,6.8,9.54,34911888.0,44.85,,,,,,,,-_25-03-2024 09:00:00,-_01-04-2024 09:00:00,,-,,,,+,,+,-,,,,-,2,3
EYGYO,29-04-2024,10.43,2.25,78.81,10.49,10.61,10.67,10.57,10.44,10.64,10.52,10.85,9.47,10.26,13804860.0,49.84,,,,,,,,-_25-03-2024 09:00:00,-_22-04-2024 09:00:00,,,,,,,,+,+,,,,,2,0
AKBNK,29-04-2024,60.05,1.69,-10.12,57.44,54.59,50.88,46.64,58.43,53.74,55.88,51.54,20.24,59.75,326727584.0,73.73,,,,,,,,+_20-11-2023 09:00:00,+_05-06-2023 09:00:00,,,,,,+,,+,,,,,,2,0
SEKUR,29-04-2024,13.2,2.72,-59.46,13.51,13.65,13.3,12.45,13.38,13.62,13.91,14.14,6.66,12.91,13296229.67,56.55,,,,,,,,-_15-04-2024 09:00:00,+_22-01-2024 09:00:00,-,,,,,+,,+,,,,,,2,1
AKCNS,29-04-2024,154.3,1.51,-8.81,150.54,151.31,152.79,152.64,150.68,151.67,149.05,153.12,72.74,153.3,5283149.33,51.91,,,+,,,,,-_04-03-2024 09:00:00,-_18-03-2024 09:00:00,,,,+,,-,,,,,,,,2,1
YGYO,29-04-2024,11.55,40.0,3049.26,8.11,7.28,6.51,5.72,8.56,7.09,7.15,6.63,2.14,10.74,67212995.0,86.95,,,,,,,,+_15-04-2024 09:00:00,+_05-06-2023 09:00:00,,,,,,+,,,+,,,,,2,0
AKGRT,29-04-2024,7.43,2.91,-41.71,7.05,6.87,6.68,6.46,7.13,6.83,6.89,6.71,3.5,7.39,138701679.33,64.56,,,,,,,,+_01-04-2024 09:00:00,+_08-01-2024 09:00:00,,,,,,+,,+,,,,,,2,0
YGGYO,29-04-2024,45.42,3.13,-34.09,44.32,44.06,43.53,42.62,44.43,43.97,44.05,44.19,26.07,45.19,1848914.0,58.22,,,,,,,,+_08-04-2024 09:00:00,+_22-01-2024 09:00:00,,,,+,,+,,,,,,,,2,0
AKSA,29-04-2024,120.0,6.1,212.43,110.17,107.18,104.05,100.47,111.69,106.44,106.81,105.07,57.83,120.33,17083079.67,67.25,,,,,,,,+_08-04-2024 09:00:00,+_25-12-2023 09:00:00,,,,,,+,,-,+,,,,,2,1
GUBRF,29-04-2024,163.0,2.77,7.1,160.36,163.12,172.31,190.81,160.02,164.55,159.43,165.37,154.96,160.5,25725958.33,37.89,+,,,,,,,-_18-12-2023 09:00:00,-_18-12-2023 09:00:00,,,,,,-,,+,,,,,,2,1
OYAYO,29-04-2024,42.6,-11.18,63.67,42.85,41.34,38.97,36.06,43.29,40.84,42.42,40.1,15.79,44.53,1002143.0,60.25,-,,,,,,,+_22-01-2024 09:00:00,+_15-01-2024 09:00:00,,,-,,,+,,-,,,,,,1,3
ZOREN,29-04-2024,6.59,-1.79,-16.19,6.25,6.04,5.79,5.53,6.34,5.98,6.08,5.86,2.97,6.67,1857410926.67,67.08,,,,,,,,+_05-02-2024 09:00:00,+_12-02-2024 09:00:00,,,,,,+,,-,-,,,,,1,2
UZERB,29-04-2024,1111.0,34.75,6.9,767.9,650.26,535.12,437.42,823.6,621.35,665.64,538.56,147.93,1018.5,147996.0,87.8,,,,,,,,+_05-02-2024 09:00:00,+_19-02-2024 09:00:00,,,,,,+,,,,,,,,1,0
VAKBN,29-04-2024,19.87,2.69,-45.38,18.02,17.15,16.33,15.64,18.41,16.94,17.22,16.26,9.16,19.94,301343371.0,70.38,,,,,,,,+_01-04-2024 09:00:00,+_01-04-2024 09:00:00,,,,,,+,,-,,,,,,1,1
YKBNK,29-04-2024,30.96,-0.9,21.54,30.42,29.26,27.56,25.47,30.77,28.89,29.99,28.05,11.01,31.51,654891717.67,73.63,,,,,,,,+_20-11-2023 09:00:00,+_29-05-2023 09:00:00,,,,,,+,,-,-,,,,,1,2
NETAS,29-04-2024,98.2,1.66,-13.68,91.49,87.4,81.35,73.76,93.01,86.12,88.87,84.87,34.12,99.1,7555485.0,72.7,,,,,,,,+_15-01-2024 09:00:00,+_15-01-2024 09:00:00,,,,,,+,,,,,,,,1,0
OYAKC,29-04-2024,61.55,0.9,6.15,60.5,60.94,61.62,61.97,60.46,61.1,60.06,61.97,32.03,61.52,30938535.33,49.92,,,,,,,,-_18-03-2024 09:00:00,-_25-03-2024 09:00:00,,-,,,,-,,,,+,,,,1,2
NIBAS,29-04-2024,21.36,-2.02,11.92,21.51,21.46,21.15,20.55,21.51,21.41,21.49,21.65,15.46,21.27,4307495.0,54.15,-,-,,,,,,+_08-04-2024 09:00:00,+_22-01-2024 09:00:00,,,-,-,,+,,,-,-,,,,1,6
NTGAZ,29-04-2024,20.6,-6.36,33.13,19.49,18.96,18.57,18.19,19.79,18.86,18.72,18.51,9.96,20.53,17415236.33,58.44,,,,,,,,+_22-04-2024 09:00:00,+_22-04-2024 09:00:00,+,,,,,,,,,,,,,1,0
VAKKO,29-04-2024,91.0,0.55,-18.16,87.46,86.36,85.54,84.52,88.11,86.14,85.71,85.74,44.04,92.22,2159058.33,59.41,,,,,,,,+_22-04-2024 09:00:00,+_15-04-2024 09:00:00,,,,,,-,,-,,,+,,,1,2
VERTU,29-04-2024,51.9,2.57,-1.45,49.16,48.45,47.62,46.29,49.57,48.27,47.95,48.37,28.16,52.07,5023243.0,60.96,,,,,,,,+_22-04-2024 09:00:00,+_22-01-2024 09:00:00,,,,,,+,,-,,,,,,1,1
VERUS,29-04-2024,266.0,-0.56,27.62,264.18,262.03,258.02,249.64,265.1,261.31,260.72,262.89,121.9,273.0,481107.0,56.61,,,,,,,,+_15-04-2024 09:00:00,+_29-04-2024 09:00:00,,,,,,+,,,-,,,,,1,1
VKING,29-04-2024,52.4,-1.96,-20.84,47.94,45.4,42.27,39.13,48.98,44.68,46.2,43.24,20.12,54.17,7878989.67,75.65,,,,,,,,+_02-01-2024 09:00:00,+_29-01-2024 09:00:00,,,,,,+,,-,-,,,,,1,2
USAK,29-04-2024,9.73,0.21,17.69,9.97,10.22,10.52,10.62,9.89,10.3,10.04,10.51,5.14,9.49,9665702.33,44.61,,,,,,,,-_04-03-2024 09:00:00,-_18-03-2024 09:00:00,,,,,,-,,+,,,,,,1,1
TMSN,29-04-2024,167.8,-1.41,-34.6,164.87,158.85,148.89,136.35,166.6,156.77,162.72,154.73,59.12,169.67,18712365.67,68.28,,,,,,,,+_05-02-2024 09:00:00,+_05-02-2024 09:00:00,,,,-,,+,,,-,-,,,,1,3
OZRDN,29-04-2024,57.0,-5.08,58.95,58.72,58.92,58.09,55.23,58.53,58.86,58.95,59.97,22.54,58.18,1388425.0,55.63,-,-,-,-,,,-,-_29-04-2024 09:00:00,+_08-05-2023 09:00:00,,,-,,,+,,,,-,,,,1,7
SUMAS,29-04-2024,590.0,-3.99,-42.24,581.28,554.75,508.6,449.35,588.17,545.2,578.19,535.14,153.16,590.83,51230.0,70.96,,,,,,,,+_29-01-2024 09:00:00,+_29-01-2024 09:00:00,,,,,,+,,-,-,,,,,1,2
SOKE,29-04-2024,17.54,-0.17,-53.62,17.21,17.4,17.77,18.11,17.21,17.48,16.97,17.74,17.17,17.46,18166652.0,46.84,,,,,,,,-_11-03-2024 09:00:00,-_18-03-2024 09:00:00,,,,,,,,+,-,,,,,1,1
SODSN,29-04-2024,201.6,-3.54,-17.26,195.12,187.56,172.28,151.44,196.85,184.54,197.36,182.94,51.1,195.93,201389.33,62.69,,,,,,,,+_29-01-2024 09:00:00,+_29-01-2024 09:00:00,,,,-,,+,,,-,,,,,1,2
SNGYO,29-04-2024,4.77,1.71,-32.2,4.53,4.39,4.18,3.93,4.58,4.34,4.44,4.29,2.78,4.66,123654247.33,73.85,,,,,,,,+_15-01-2024 09:00:00,+_22-01-2024 09:00:00,,,,,,+,,,,,,,,1,0
SKYLP,29-04-2024,156.4,-4.11,-11.52,158.99,158.86,155.93,146.39,158.94,158.57,157.33,161.21,56.55,159.0,1209082.0,57.98,-,-,,,,,,+_08-04-2024 09:00:00,+_26-06-2023 09:00:00,,,-,,,+,,,-,,,,,1,4
SKTAS,29-04-2024,6.6,1.85,-13.81,5.83,5.55,5.33,5.14,5.98,5.49,5.5,5.3,3.14,6.67,44870624.33,69.62,,,,,,,,+_15-04-2024 09:00:00,+_15-04-2024 09:00:00,,-,,,,+,,-,,,,,,1,2
SKBNK,29-04-2024,4.92,0.82,-33.67,4.77,4.74,4.8,4.9,4.8,4.75,4.68,4.68,2.89,4.89,283107730.0,50.19,,,,,,,,+_22-04-2024 09:00:00,-_02-01-2024 09:00:00,+,,,,,-,,,,,,,,1,1
SEYKM,29-04-2024,11.11,26.25,-12.07,8.6,7.93,7.41,7.07,8.96,7.79,7.82,7.33,4.8,10.35,59992761.33,79.98,,,,,,,,+_15-04-2024 09:00:00,+_15-04-2024 09:00:00,,,,,,+,,,,,,,,1,0
SELGD,29-04-2024,58.1,-6.67,-56.04,57.73,56.24,52.58,46.23,58.14,55.61,56.82,56.65,13.23,59.25,5768319.33,66.97,,,,,,,,+_27-11-2023 09:00:00,+_12-06-2023 09:00:00,,,-,,,+,,-,-,,-,,,1,4
POLTK,29-04-2024,18300.0,-8.73,103.9,20272.36,20655.98,20412.85,19089.01,20004.12,20676.91,20750.94,21399.0,5631.86,18432.5,10896.0,51.08,,,,,-,,,-_22-04-2024 09:00:00,+_29-04-2024 09:00:00,,,,,,+,,,-,,,,,1,2
SAHOL,29-04-2024,93.35,2.25,13.4,89.44,87.04,83.53,78.78,90.32,86.3,87.93,85.22,37.94,92.45,121793423.33,74.05,,,,,,,,+_13-11-2023 09:00:00,+_05-06-2023 09:00:00,,,,,,+,,,,,,,,1,0
PRZMA,29-04-2024,48.1,4.02,-7.17,51.09,52.47,53.05,52.2,50.33,52.72,52.67,54.52,21.84,46.7,4673404.0,47.31,,,,,,,,-_15-04-2024 09:00:00,-_22-04-2024 09:00:00,,,,,,-,,+,,,,,,1,1
RYSAS,29-04-2024,42.2,-7.33,-27.22,40.6,38.64,36.52,34.61,41.36,38.11,39.23,36.54,15.27,42.74,12190929.0,66.33,,,,,,,,+_18-03-2024 09:00:00,+_18-03-2024 09:00:00,,,,,,+,,-,-,,,,,1,2
RYGYO,29-04-2024,32.24,-3.65,-41.08,31.03,30.0,28.87,27.6,31.45,29.73,30.25,28.99,12.57,32.53,24801783.67,66.27,,,,,,,,+_05-02-2024 09:00:00,+_29-05-2023 09:00:00,,,,,,+,,-,-,,,,,1,2
ROYAL,19-12-2022,6.8,-1.45,-22.93,6.56,6.26,5.84,5.33,6.67,6.16,6.35,5.97,2.95,6.87,617176.67,69.48,,,,,,,,+_15-08-2022 09:00:00,+_22-08-2022 09:00:00,,,,,,+,,,-,,,,,1,1
RNPOL,29-04-2024,35.96,2.92,-12.9,36.56,37.32,37.73,36.97,36.25,37.49,37.03,38.39,21.16,35.85,3217007.67,50.04,,,,,,,,-_25-03-2024 09:00:00,-_22-04-2024 09:00:00,,,,,,,,+,,,,,,1,0
RAYSG,29-04-2024,436.0,-9.68,154.88,444.09,424.9,389.99,340.27,448.66,417.88,442.54,407.47,85.53,447.33,979611.33,75.17,-,,,,,,,+_05-06-2023 09:00:00,+_05-06-2023 09:00:00,,,-,,,+,,-,,-,,,,1,4
RALYH,29-04-2024,190.4,-0.21,-2.22,170.04,156.41,140.18,124.11,175.36,152.59,161.91,142.68,46.46,186.93,2030232.33,82.41,,,,,,,,+_12-02-2024 09:00:00,+_29-04-2024 09:00:00,,,,,,+,,,-,,,,,1,1
SONME,29-04-2024,107.3,8.66,-8.46,93.58,88.93,84.13,78.77,95.85,87.78,88.89,85.2,40.26,106.1,589773.67,73.57,,,,,,,,+_12-02-2024 09:00:00,+_12-06-2023 09:00:00,,,,,,+,,,,,,,,1,0
PKART,29-04-2024,102.2,-4.22,40.99,92.38,86.44,78.7,69.52,94.83,84.73,88.04,82.12,28.13,106.47,4607229.0,70.8,,,,,,,,+_15-01-2024 09:00:00,+_03-07-2023 09:00:00,,,,,,+,,-,,,,,,1,1
ULAS,29-04-2024,30.1,-13.16,-0.13,29.38,28.22,26.67,24.73,29.85,27.88,28.5,27.34,10.72,31.8,8174769.33,61.04,,,,,,,,+_15-01-2024 09:00:00,+_15-01-2024 09:00:00,,,,,,+,,-,-,,,,,1,2
SUWEN,29-04-2024,19.93,-0.25,-39.35,20.35,20.55,20.73,20.78,20.25,20.6,20.52,20.84,15.72,19.82,5711721.0,47.11,,,,,,,,-_25-03-2024 09:00:00,-_01-04-2024 09:00:00,,,,,,,,+,-,,,,,1,1
UFUK,29-04-2024,568.5,2.16,-11.14,467.96,410.98,346.9,283.38,492.34,395.77,421.57,359.65,80.71,546.5,448970.0,89.06,,,,,,,,+_22-01-2024 09:00:00,+_19-06-2023 09:00:00,,,,,,+,,,,,,,,1,0
PAPIL,29-04-2024,136.0,-11.34,82.8,141.99,138.36,129.7,114.88,142.71,136.81,140.26,137.26,36.64,139.67,3993075.0,60.87,-,-,,,,,,+_13-11-2023 09:00:00,+_29-04-2024 09:00:00,,,-,-,,+,,,,-,-,,,1,6
TURSG,29-04-2024,64.9,0.62,-34.16,61.68,59.43,56.35,52.09,62.55,58.77,60.12,57.52,18.82,65.25,15125477.33,75.81,,,,,,,,+_22-05-2023 09:00:00,+_29-05-2023 09:00:00,,,,,,+,,-,,,,,,1,1
TUPRS,29-04-2024,201.3,4.79,9.42,190.74,185.16,177.9,168.88,192.88,183.53,187.26,180.31,78.02,199.03,96480789.0,79.11,,,,,,,,+_29-01-2024 09:00:00,+_19-06-2023 09:00:00,,,,,,+,,,,,,,,1,0
TTKOM,29-04-2024,39.9,-0.8,-15.99,38.09,36.58,34.7,32.45,38.68,36.16,36.87,35.17,16.76,40.17,127081765.33,74.26,,,,,,,,+_01-04-2024 09:00:00,+_20-11-2023 09:00:00,,,,,,+,,-,-,,,,,1,2
TSPOR,29-04-2024,2.0,-6.98,-28.63,1.87,1.8,1.76,1.76,1.9,1.78,1.77,1.73,1.44,2.1,727664922.67,57.74,,,,,,,,+_15-04-2024 09:00:00,+_22-04-2024 09:00:00,,+,,,,-,,-,-,,,,,1,3
TSKB,29-04-2024,9.98,1.22,-26.36,9.62,9.37,9.03,8.59,9.72,9.29,9.47,9.15,4.26,9.95,143508522.67,68.53,,,,,,,,+_08-01-2024 09:00:00,+_29-05-2023 09:00:00,,,,,,+,,,,,,,,1,0
PEGYO,29-04-2024,20.32,-13.46,17.67,21.83,21.89,21.53,20.32,21.74,21.86,21.97,22.08,7.37,21.53,28353939.67,53.08,-,-,-,-,,,-,-_29-04-2024 09:00:00,+_29-04-2024 09:00:00,,,-,-,,+,,-,-,,,,-,1,10
TRCAS,29-04-2024,26.02,-3.56,-21.1,26.88,26.77,26.35,25.58,26.85,26.7,26.87,26.86,13.9,26.23,14479281.0,52.76,,,-,,,,,+_15-01-2024 09:00:00,+_15-01-2024 09:00:00,,,,,,+,,,-,-,-,,,1,4
PENTA,29-04-2024,18.93,1.23,31.55,18.81,19.04,19.37,19.85,18.76,19.11,18.76,19.44,28.05,18.73,18769868.67,45.26,+,,,,,,,-_18-03-2024 09:00:00,-_18-03-2024 09:00:00,,,,,,,,,,,,,,1,0
PETKM,29-04-2024,20.98,1.16,28.48,20.82,21.08,21.31,21.25,20.76,21.15,20.79,21.61,13.04,20.97,313921327.0,49.76,,,,,,,,-_25-03-2024 09:00:00,-_01-04-2024 09:00:00,,,,,,-,,,,+,,,,1,1
THYAO,29-04-2024,325.0,2.52,-12.36,312.11,305.3,295.81,283.19,314.71,303.25,307.88,299.9,130.51,325.5,173424875.67,70.7,,,,,,,,+_08-01-2024 09:00:00,+_29-04-2024 09:00:00,,,,,,+,,-,,,,,,1,1
TETMT,29-04-2024,11250.0,-7.79,-18.49,11986.97,11784.23,10903.02,9385.21,11937.26,11638.88,12332.72,11889.65,2117.77,11480.0,10005.67,62.78,,-,,,,,,+_12-06-2023 09:00:00,+_26-06-2023 09:00:00,,,,,,+,,,-,,-,,,1,3
TDGYO,29-04-2024,12.9,-15.74,15.24,13.61,13.1,12.32,11.4,13.73,12.93,13.41,12.63,5.51,13.88,20727440.0,57.58,-,-,,,,,,+_15-01-2024 09:00:00,+_15-01-2024 09:00:00,,,-,-,,+,,,-,-,,,,1,6
TCELL,29-04-2024,82.1,3.79,33.38,77.46,75.09,72.17,68.53,78.44,74.43,75.62,72.93,35.55,81.15,120278632.0,76.25,,,,,,,,+_06-11-2023 09:00:00,+_22-08-2022 09:00:00,,,,,,+,,,,,,,,1,0
TAVHL,29-04-2024,220.8,1.7,41.49,206.18,196.92,184.31,169.49,209.65,194.14,200.31,189.5,80.44,221.1,16481740.0,79.51,,,,,,,,+_08-01-2024 09:00:00,+_08-01-2024 09:00:00,,,,,,+,,-,,,,,,1,1
PGSUS,29-04-2024,1039.0,6.67,-4.11,943.62,908.2,870.93,834.11,960.1,899.19,910.29,878.65,415.33,1032.17,14605877.33,78.36,,,,,,,,+_22-01-2024 09:00:00,+_22-01-2024 09:00:00,,,,,,+,,,,,,,,1,0
SILVR,29-04-2024,20.02,-6.27,-29.65,20.34,19.9,19.2,18.34,20.46,19.76,20.09,19.62,12.44,20.78,8642291.33,57.27,-,,,,,,,+_22-01-2024 09:00:00,+_29-01-2024 09:00:00,,,-,,,+,,,-,,,,,1,3
XU100,29-04-2024,10276.88,3.64,-3.49,9861.33,9662.17,9388.42,9026.23,9939.21,9602.85,9719.27,9516.5,4663.85,10168.53,12938458827.33,75.06,,,,,,,,+_15-01-2024 09:00:00,+_29-05-2023 09:00:00,,,,,,+,,,,,,,,1,0
ENERY,29-04-2024,171.5,0.0,-19.93,169.52,166.53,161.86,157.1,170.35,165.51,168.8,164.34,150.43,169.93,4765822.67,61.44,,,,,,,,+_29-01-2024 09:00:00,+_05-02-2024 09:00:00,,,,,,,,+,,-,,,,1,1
CCOLA,29-04-2024,711.5,2.08,11.85,676.26,656.64,629.13,589.16,684.16,650.85,659.61,641.86,249.81,719.5,2035511.33,71.69,,,,,,,,+_30-10-2023 09:00:00,+_29-04-2024 09:00:00,,,,,,+,,-,,,,,,1,1
CMBTN,29-04-2024,3940.0,-0.51,8.32,4068.38,4029.31,3823.87,3429.94,4053.96,3997.13,4143.39,4069.76,998.81,4020.0,240595.67,63.1,,,,,,,,+_05-06-2023 09:00:00,+_05-06-2023 09:00:00,,,,,,+,,,-,,,,,1,1
CMENT,29-04-2024,494.5,-0.95,-33.03,527.23,521.0,487.08,431.32,523.14,515.33,550.47,523.71,131.73,499.0,84023.0,58.88,,,,,,,,+_29-01-2024 09:00:00,+_22-01-2024 09:00:00,,,,,,+,,,-,,,,,1,1
COSMO,29-04-2024,144.0,3.23,47.79,138.42,137.32,136.3,134.68,139.09,137.08,136.59,137.46,68.46,148.23,804901.0,56.32,,,,,,,,+_22-04-2024 09:00:00,+_05-02-2024 09:00:00,,,,,,-,,,+,,,,,1,1
CRDFA,29-04-2024,8.97,-19.7,-26.88,9.24,8.83,8.32,7.75,9.38,8.71,8.91,8.47,4.16,10.29,128954157.33,58.31,-,,,,,,,+_05-02-2024 09:00:00,+_29-01-2024 09:00:00,,,-,-,,+,,,-,,,,,1,4
CRFSA,29-04-2024,142.3,-3.33,1.32,151.09,152.11,148.96,140.94,149.71,151.79,155.56,154.31,72.36,143.17,2541499.0,54.74,,,,-,,,-,-_29-04-2024 09:00:00,+_19-06-2023 09:00:00,,,,,,+,,,-,,,,,1,3
DAGHL,29-04-2024,19.39,-14.05,40.36,19.97,19.23,18.17,16.98,20.18,19.0,19.67,18.52,9.22,19.99,4135953.0,61.32,-,,,,,,,+_15-01-2024 09:00:00,+_13-11-2023 09:00:00,,,-,-,,+,,-,-,-,,,,1,6
DARDL,29-04-2024,7.55,0.8,-16.06,7.06,6.95,6.85,6.67,7.13,6.93,6.82,6.97,4.11,7.53,39569645.67,61.04,,,,,,,,+_22-04-2024 09:00:00,+_22-04-2024 09:00:00,,,,,,+,,,,,,,,1,0
DERIM,29-04-2024,49.34,-4.75,127.95,45.12,40.87,35.69,30.52,46.7,39.66,42.48,36.71,11.63,52.45,4342429.67,82.67,,,,,,,,+_08-01-2024 09:00:00,+_02-01-2024 09:00:00,,,,,,+,,-,,,,,,1,1
DESA,29-04-2024,29.34,-0.47,47.06,28.44,27.44,26.12,24.63,28.8,27.14,27.77,26.54,10.81,30.23,7860078.33,71.4,,,,,,,,+_22-01-2024 09:00:00,+_15-01-2024 09:00:00,,,,,,+,,-,-,,,,,1,2
DESPC,29-04-2024,50.6,-4.98,-47.79,52.15,51.74,49.7,45.95,52.02,51.42,53.12,52.1,20.28,50.9,4360260.0,58.32,-,-,,,,,,+_13-11-2023 09:00:00,+_03-04-2023 09:00:00,,,-,,,+,,,-,,-,,,1,5
DGATE,29-04-2024,44.1,-5.28,-54.02,45.22,44.53,42.55,39.41,45.25,44.18,45.55,44.53,19.43,44.38,3121554.33,62.26,-,-,,,,,,+_08-01-2024 09:00:00,+_02-01-2024 09:00:00,,,-,,,+,,,-,,,,,1,4
DITAS,29-04-2024,20.8,-3.44,-58.58,21.66,21.32,20.53,19.59,21.64,21.16,22.01,20.94,11.15,20.35,5879595.33,54.79,,-,,,,,,+_12-02-2024 09:00:00,+_12-02-2024 09:00:00,,,,,,-,,+,-,,,,,1,3
DMRGD,29-04-2024,16.09,0.63,-22.05,15.84,15.66,15.47,15.31,15.93,15.61,15.54,15.63,15.11,16.0,20975890.67,53.19,,,,,,,,+_15-04-2024 09:00:00,+_15-04-2024 09:00:00,,,,,,,,+,,,,,,1,0
DNISI,29-04-2024,20.04,2.19,-34.74,19.23,18.83,18.27,17.26,19.43,18.72,18.53,18.78,6.77,19.83,15690764.67,59.97,,,,,,,,+_15-04-2024 09:00:00,+_29-04-2024 09:00:00,,,,,,,,+,,,,,,1,0
DYOBY,29-04-2024,53.05,5.99,-43.21,46.79,43.63,40.33,37.48,48.12,42.81,44.49,40.45,20.35,51.35,5946142.0,76.16,,,,,,,,+_19-02-2024 09:00:00,+_04-03-2024 09:00:00,,,,,,+,,,,,,,,1,0
EBEBK,29-04-2024,50.4,2.82,-4.02,51.06,53.01,55.8,58.6,50.51,53.64,51.39,55.22,63.32,49.8,5942286.33,36.86,,,,,,,,-_04-03-2024 09:00:00,-_04-03-2024 09:00:00,,,,,,,,+,,,,,,1,0
EDIP,29-04-2024,23.34,-18.73,235.94,22.06,20.74,19.53,18.4,22.69,20.44,20.59,19.5,8.58,25.71,25682377.0,60.87,,,,,,,,+_15-04-2024 09:00:00,+_19-06-2023 09:00:00,,,,,,+,,-,,,,,,1,1
EGPRO,29-04-2024,206.8,-0.91,17.01,209.14,208.08,202.12,190.63,208.76,207.16,211.74,209.84,81.42,208.87,1477021.67,60.9,,-,,,,,,+_15-01-2024 09:00:00,+_08-05-2023 09:00:00,,,,,,+,,-,-,,,,,1,3
MRGYO,29-04-2024,6.97,6.9,-19.36,5.98,5.7,5.58,5.64,6.14,5.65,5.61,5.43,3.63,6.75,134654511.67,60.15,,,,,,+,,+_22-04-2024 09:00:00,+_29-04-2024 09:00:00,,,,,,-,,,,,,,,1,1
ENJSA,29-04-2024,64.9,-2.7,11.1,63.65,62.36,60.45,57.88,64.13,61.96,62.62,61.61,29.33,65.9,25889673.0,68.39,,,,,,,,+_15-01-2024 09:00:00,+_15-01-2024 09:00:00,,,,,,+,,-,-,,,,,1,2
ENKAI,29-04-2024,38.14,-1.95,-20.55,37.43,37.21,36.97,36.45,37.57,37.17,36.95,37.23,22.02,38.41,83128357.33,56.2,,,,,,,,+_22-04-2024 09:00:00,+_06-11-2023 09:00:00,,,,,,+,,-,-,,,,,1,2
ERCB,29-04-2024,141.0,0.14,0.65,148.21,151.23,151.37,147.95,146.5,151.61,151.4,157.03,80.72,141.0,3934174.33,48.22,,,,,,,,-_01-04-2024 09:00:00,+_29-01-2024 09:00:00,,,,,,+,,,,,,,,1,0
ERSU,29-04-2024,46.5,-2.11,139.13,44.61,41.99,37.69,32.13,45.38,41.1,43.59,39.92,9.86,46.17,5499656.0,68.4,,,,,,,,+_04-12-2023 09:00:00,+_04-12-2023 09:00:00,,,,,,+,,,,,,,,1,0
ETILR,29-04-2024,27.3,17.07,22.35,22.07,20.44,18.94,17.67,22.91,20.06,20.31,19.04,9.98,25.89,14994771.33,78.84,,,,,,,,+_15-04-2024 09:00:00,+_29-01-2024 09:00:00,,,,,,+,,,,,,,,1,0
ETYAT,29-04-2024,16.5,0.0,1.83,16.32,15.95,15.14,13.94,16.4,15.8,16.3,15.81,6.29,16.23,3566897.33,63.82,,,,,,,,+_02-01-2024 09:00:00,+_19-06-2023 09:00:00,,,,-,,+,,,,,,,,1,1
EUHOL,29-04-2024,3.18,-2.45,-34.34,3.22,3.24,3.24,3.19,3.21,3.25,3.23,3.3,1.97,3.22,52518303.33,51.2,-,-,-,,,,,-_25-03-2024 09:00:00,+_26-06-2023 09:00:00,,,-,,,+,,-,-,,,,,1,6
FONET,29-04-2024,23.84,-2.69,-26.45,25.04,25.08,23.65,20.72,24.79,24.89,25.68,26.19,6.58,24.07,7757897.0,55.8,,,,-,,,-,-_29-04-2024 09:00:00,+_03-07-2023 09:00:00,-,,,,,+,,,-,,,,,1,4
GARAN,29-04-2024,84.95,5.07,7.37,78.9,75.8,72.14,67.75,80.18,74.96,76.6,72.74,31.08,83.52,102023707.0,76.84,,,,,,,,+_18-03-2024 09:00:00,+_06-03-2023 09:00:00,,,,,,+,,,,,,,,1,0
GARFA,29-04-2024,176.2,-3.72,-39.71,178.0,173.98,163.88,147.57,178.66,172.15,178.04,172.96,47.62,177.5,1568327.0,65.11,-,,,,,,,+_25-12-2023 09:00:00,+_22-05-2023 09:00:00,,,-,-,,+,,,-,-,,,,1,5
CELHA,29-04-2024,33.18,-1.07,-70.62,35.95,36.28,35.23,32.97,35.46,36.16,37.58,37.06,14.37,33.32,6513915.0,53.07,,,,-,,,-,-_29-04-2024 09:00:00,+_25-12-2023 09:00:00,,,,,,+,,,-,,-,,,1,4
BURVA,29-04-2024,165.0,-6.52,-11.62,163.56,156.55,145.31,130.39,165.73,154.22,160.21,151.34,51.73,168.9,2009857.0,67.28,,,,,,,,+_06-11-2023 09:00:00,+_22-05-2023 09:00:00,,,-,,,+,,,-,-,,,,1,3
GENTS,29-04-2024,8.68,-0.46,-44.85,9.1,9.21,9.21,9.02,9.02,9.23,9.28,9.37,4.87,8.65,10371605.33,48.55,,,,,-,,,-_22-04-2024 09:00:00,+_26-06-2023 09:00:00,-,,,,,-,,+,-,,,,,1,4
BURCE,29-04-2024,295.0,1.03,-30.72,257.41,237.58,216.95,196.76,266.42,232.57,238.06,219.8,80.01,295.0,3995161.0,76.82,,,,,,,,+_15-01-2024 09:00:00,+_13-11-2023 09:00:00,,,,,,+,,,,,,,,1,0
ACSEL,29-04-2024,163.0,-3.61,106.11,163.09,161.12,156.73,148.96,163.62,160.32,161.99,161.19,67.83,169.13,1484980.33,60.42,-,,,,,,,+_29-01-2024 09:00:00,+_26-06-2023 09:00:00,,,-,-,,,,-,,+,,,,1,4
ADESE,29-04-2024,2.35,-0.84,22.72,2.37,2.41,2.42,2.38,2.36,2.41,2.38,2.49,1.73,2.35,258571170.0,50.84,,,,,,-,,-_25-03-2024 09:00:00,-_29-04-2024 09:00:00,,,-,,,+,,,-,,,,-,1,4
AEFES,29-04-2024,193.5,7.38,6.86,177.1,170.33,162.23,152.01,180.06,168.5,171.33,164.48,69.34,188.67,12741373.67,77.98,,,,,,,,+_30-10-2023 09:00:00,+_06-03-2023 09:00:00,,,,,,+,,,,,,,,1,0
AFYON,29-04-2024,14.87,-1.72,-25.91,14.34,13.97,13.59,13.23,14.5,13.88,13.99,13.64,7.61,14.94,71941248.33,61.07,,,,,,,,+_25-03-2024 09:00:00,+_05-02-2024 09:00:00,,,,,,+,,-,-,,,,,1,2
AGESA,29-04-2024,86.7,6.58,-16.22,80.47,77.63,73.88,69.57,81.57,76.79,79.0,75.21,35.66,84.6,2568184.0,77.92,,,,,,,,+_29-01-2024 09:00:00,+_22-01-2024 09:00:00,,,,,,+,,,,,,,,1,0
AGHOL,29-04-2024,331.75,5.32,-34.12,309.97,298.31,283.16,264.79,314.51,294.92,302.09,288.32,113.92,325.92,4416616.67,80.13,,,,,,,,+_02-01-2024 09:00:00,+_06-03-2023 09:00:00,,,,,,+,,,,,,,,1,0
AGROT,29-04-2024,31.98,-2.32,-1.67,33.21,33.17,32.09,30.2,33.04,33.02,33.52,34.1,26.21,31.82,67864872.0,54.42,,,-,,,,,+_29-04-2024 09:00:00,+_29-04-2024 09:00:00,,,,,,,,+,-,,,,,1,2
AHGAZ,29-04-2024,13.6,-0.87,-19.1,13.42,13.37,13.25,13.04,13.44,13.34,13.4,13.43,10.9,13.55,40246309.0,55.96,,,,,,,,+_22-04-2024 09:00:00,+_29-01-2024 09:00:00,,,,,,,,,-,+,,,,1,1
AKENR,29-04-2024,17.76,-23.05,-17.08,19.1,16.99,14.24,11.64,19.71,16.35,18.21,14.56,4.21,19.45,74541836.67,63.77,-,,,,,,,+_29-01-2024 09:00:00,+_12-02-2024 09:00:00,,,-,,,+,,,-,-,,,,1,4
AKMGY,29-04-2024,359.25,-1.03,8.73,325.27,306.2,280.46,249.77,332.8,300.54,314.17,291.01,98.27,365.17,793178.33,78.17,,,,,,,,+_08-01-2024 09:00:00,+_05-06-2023 09:00:00,,,,,,+,,-,-,,,,,1,2
AKSUE,29-04-2024,15.12,-3.94,-54.92,14.77,14.51,14.24,14.25,14.89,14.44,14.49,14.39,13.38,15.3,13383995.0,53.83,,,,,,,,+_08-04-2024 09:00:00,+_15-04-2024 09:00:00,,,,,,+,,-,-,,,,,1,2
ALARK,29-04-2024,117.6,1.2,-23.55,122.76,123.94,122.57,119.04,121.63,123.85,125.95,126.37,61.0,117.9,58792293.67,50.81,,,,,,,,-_22-04-2024 09:00:00,+_29-01-2024 09:00:00,-,,,,,+,,-,,,,,,1,2
ALBRK,29-04-2024,5.1,8.74,-9.06,4.74,4.64,4.53,4.39,4.79,4.61,4.64,4.55,2.63,4.99,133646407.67,68.69,,,,,,,,+_25-03-2024 09:00:00,+_08-01-2024 09:00:00,,,,,,+,,,,,,,,1,0
ANELE,29-04-2024,23.38,8.44,51.07,21.25,20.11,18.57,16.7,21.68,19.77,20.59,19.11,6.35,22.42,9842167.67,79.76,,,,,,,,+_25-12-2023 09:00:00,+_06-03-2023 09:00:00,,,,,,+,,,,,,,,1,0
ANSGR,29-04-2024,88.5,0.0,56.81,84.37,81.41,77.63,72.52,85.53,80.57,82.33,78.5,27.19,90.02,8869183.0,75.13,,,,,,,,+_17-07-2023 09:00:00,+_17-07-2023 09:00:00,,,,,,+,,-,,,,,,1,1
ASUZU,29-04-2024,114.5,6.12,33.22,106.1,100.18,93.49,87.52,108.34,98.55,102.33,93.91,48.06,115.33,22914166.67,72.63,,,,,,,,+_05-02-2024 09:00:00,+_12-02-2024 09:00:00,,,,,,+,,,,,,,,1,0
ATAGY,29-04-2024,14.64,-0.2,-35.19,13.82,13.34,12.68,11.87,14.01,13.19,13.42,13.02,5.72,14.54,3386565.33,67.51,,,,,,,,+_15-01-2024 09:00:00,+_01-08-2022 09:00:00,,,,,,+,,,-,,,,,1,1
ATATP,29-04-2024,144.1,-5.63,-25.63,139.24,135.22,130.35,121.36,141.26,134.21,132.85,132.56,43.66,149.63,6618930.67,61.29,,,,,,,,+_15-04-2024 09:00:00,+_29-04-2024 09:00:00,+,,,,,,,,-,,,,,1,1
AVPGY,29-04-2024,42.42,0.57,45.94,43.39,44.1,44.85,45.41,43.11,44.29,43.78,44.87,46.03,42.07,15884060.0,42.31,,,,,,,,-_29-04-2024 09:00:00,-_29-04-2024 09:00:00,,,,,,,,+,,,,,,1,0
AVTUR,29-04-2024,13.6,-4.23,-31.6,12.82,12.23,11.52,10.69,13.07,12.07,12.35,11.72,4.83,13.54,7697780.67,68.05,,,,,,,,+_22-01-2024 09:00:00,+_29-05-2023 09:00:00,,,,,,+,,,-,,,,,1,1
AYGAZ,29-04-2024,196.8,8.61,42.9,180.57,174.16,166.74,158.15,183.39,172.44,175.16,168.73,74.31,192.8,3569386.33,76.61,,,,,,,,+_02-01-2024 09:00:00,+_05-06-2023 09:00:00,,,,,,+,,,,,,,,1,0
BFREN,29-04-2024,1009.0,-0.1,43.11,1032.23,1041.77,1036.0,999.42,1026.25,1042.38,1043.87,1063.05,401.83,1019.67,518529.67,52.85,,,,,-,,,-_15-04-2024 09:00:00,+_03-07-2023 09:00:00,,,,,,+,,,-,,,,,1,2
BIZIM,29-04-2024,39.66,1.02,89.59,40.63,41.47,42.07,42.07,40.26,41.65,41.3,42.72,26.19,40.07,3873151.33,45.73,,,,,,,,-_25-03-2024 09:00:00,-_15-04-2024 09:00:00,,,,,,-,,-,,,,,+,1,2
BLCYT,29-04-2024,21.98,6.8,2.96,19.99,19.31,18.64,18.0,20.32,19.15,19.23,18.79,11.87,21.37,11260820.67,69.16,,,,,,,,+_01-04-2024 09:00:00,+_05-02-2024 09:00:00,,,,,,+,,,,,,,,1,0
BMSCH,29-04-2024,24.32,-1.14,-26.6,24.24,24.05,23.54,22.6,24.28,23.97,24.1,24.18,13.06,24.29,3825090.0,59.96,,,,,,,,+_08-01-2024 09:00:00,+_08-01-2024 09:00:00,-,,,,,,,+,-,-,,,,1,3
BNTAS,29-04-2024,12.3,-4.65,-5.0,13.04,13.04,12.58,11.67,12.95,12.98,13.33,13.33,5.72,12.47,13426964.33,54.57,,,-,-,,,-,-_29-04-2024 09:00:00,+_15-01-2024 09:00:00,,,,,,+,,,-,,-,,,1,5
BRKO,29-04-2024,6.19,12.75,45.68,5.4,5.07,4.75,4.51,5.54,4.99,5.12,4.77,2.77,6.08,6290081.33,74.62,,,,,,,,+_05-02-2024 09:00:00,+_04-03-2024 09:00:00,,,,,,+,,,,,,,,1,0
BRKSN,29-04-2024,43.04,-4.36,-13.82,45.05,44.84,43.04,39.5,44.84,44.57,45.83,45.37,14.24,43.53,3653365.33,57.94,,,,,,,,+_13-11-2023 09:00:00,+_12-06-2023 09:00:00,,,,,,+,,,-,,-,,,1,2
BRYAT,29-04-2024,3175.0,1.03,16.27,3310.91,3356.44,3316.79,3158.53,3278.19,3356.89,3374.39,3469.41,1261.63,3215.0,419475.33,52.56,,,,,-,,,-_22-04-2024 09:00:00,+_29-05-2023 09:00:00,,,,,,+,,,,,,,,1,1
GENIL,29-04-2024,58.2,0.78,-4.19,60.48,61.98,62.45,61.7,59.71,62.22,62.11,64.76,34.62,57.05,7236620.0,46.08,,,,,,,,-_08-04-2024 09:00:00,-_22-04-2024 09:00:00,,,,,,,,+,,,,,,1,0
IZMDC,29-04-2024,8.08,5.9,16.89,7.45,7.22,6.98,6.8,7.55,7.16,7.23,7.02,4.57,7.82,72758800.67,68.62,,,,,,,,+_25-03-2024 09:00:00,+_05-02-2024 09:00:00,,,,,,+,,,,,,,,1,0
ISGYO,29-04-2024,15.92,1.34,29.2,15.75,15.93,16.36,16.88,15.73,16.01,15.61,16.1,10.45,15.82,42486567.33,45.13,,,,,,,,-_26-02-2024 09:00:00,-_25-12-2023 09:00:00,,,,+,,-,,,,,,,,1,1
KFEIN,29-04-2024,128.5,-5.17,-38.03,131.79,133.38,130.44,119.93,130.89,133.28,132.42,140.19,43.02,131.57,6366951.33,56.37,-,-,-,,,,,-_01-04-2024 09:00:00,+_10-07-2023 09:00:00,,,-,,,+,,,-,,,,,1,5
ISCTR,29-04-2024,13.73,3.31,-20.27,12.99,12.53,11.95,11.23,13.16,12.4,12.68,12.1,5.0,13.68,1696342526.67,75.47,,,,,,,,+_04-12-2023 09:00:00,+_29-05-2023 09:00:00,,,,,,+,,,,,,,,1,0
ISGSY,29-04-2024,32.74,-5.76,0.99,31.84,30.77,29.55,28.16,32.27,30.48,30.82,29.79,15.27,33.49,18288217.0,60.85,,,,,,,,+_01-04-2024 09:00:00,+_03-07-2023 09:00:00,,,,,,+,,-,-,,,,,1,2
MARTI,29-04-2024,4.21,-1.64,-31.78,4.26,4.34,4.41,4.41,4.24,4.37,4.26,4.49,2.94,4.18,49208855.67,47.6,,,,,,,,-_18-03-2024 09:00:00,-_25-03-2024 09:00:00,,-,-,,,+,,,-,,,,,1,3
KUTPO,29-04-2024,107.9,0.84,-10.09,105.95,101.22,93.98,85.93,107.25,99.64,104.67,96.79,50.23,108.73,6211302.67,70.45,,,,,,,,+_29-01-2024 09:00:00,+_29-01-2024 09:00:00,,,,,,+,,,,-,,,,1,1
ISYAT,29-04-2024,11.08,-0.09,-6.63,11.18,11.24,11.19,10.91,11.14,11.24,11.22,11.42,5.58,11.07,11323571.33,54.0,,,,,-,,,-_15-04-2024 09:00:00,+_03-07-2023 09:00:00,,,,,,-,,+,-,,,,,1,3
IZFAS,29-04-2024,23.88,12.01,-22.66,20.75,19.75,18.56,17.03,21.23,19.49,19.77,19.0,7.04,23.33,18610556.0,79.3,,,,,,,,+_27-11-2023 09:00:00,+_04-12-2023 09:00:00,,,,,,+,,,,,,,,1,0
XU030,29-04-2024,11147.59,3.87,4.35,10674.85,10436.88,10114.83,9703.0,10766.56,10366.34,10515.53,10245.97,5058.5,11023.03,7033733200.33,75.22,,,,,,,,+_08-01-2024 09:00:00,+_29-05-2023 09:00:00,,,,,,+,,,,,,,,1,0
JANTS,29-04-2024,301.0,-3.37,-31.08,306.13,292.91,268.13,237.98,308.47,287.79,309.61,280.57,104.23,306.17,6447303.33,67.74,-,,,,,,,+_29-01-2024 09:00:00,+_22-01-2024 09:00:00,,,,,,+,,,-,-,,,,1,3
KENT,29-04-2024,1476.0,-1.14,-36.63,1367.53,1271.61,1135.22,981.81,1399.13,1241.37,1336.48,1182.7,347.12,1452.67,57503.67,73.51,,,,,,,,+_12-02-2024 09:00:00,+_29-01-2024 09:00:00,,,,,,+,,,-,,,,,1,1
KLKIM,29-04-2024,26.16,0.23,-22.33,26.62,26.87,26.89,26.46,26.5,26.9,26.73,27.48,11.53,26.14,11490390.67,50.63,,,,,,,,-_01-04-2024 09:00:00,+_22-01-2024 09:00:00,,,,,,,,+,,,,,,1,0
MAVI,29-04-2024,96.5,8.79,-7.42,87.12,83.58,79.16,73.68,88.66,82.59,84.45,80.68,31.39,93.85,18038715.67,78.56,,,,,,,,+_04-12-2023 09:00:00,+_29-05-2023 09:00:00,,,,,,+,,,,,,,,1,0
KOZAA,29-04-2024,52.05,0.39,5.36,50.99,50.67,50.53,50.81,51.16,50.61,50.5,50.58,34.91,52.17,39620113.0,52.05,,,,,,+,,+_22-04-2024 09:00:00,+_29-04-2024 09:00:00,,,,,,-,,-,,,,,,1,2
KOZAL,29-04-2024,23.38,-0.09,0.78,23.54,23.46,23.28,23.18,23.53,23.42,23.6,23.5,14.94,23.57,391102915.67,50.92,,,,,,,,+_05-02-2024 09:00:00,+_19-02-2024 09:00:00,,,,,,+,,,-,,,,,1,1
LOGO,29-04-2024,88.1,-2.17,-46.13,87.25,87.49,87.41,85.95,87.33,87.55,86.03,89.03,53.25,89.83,4940753.33,52.99,,,,,,,,-_18-03-2024 09:00:00,+_22-04-2024 09:00:00,,-,,,,+,,,-,,,,,1,2
LKMNH,29-04-2024,85.45,3.08,54.88,79.45,75.52,70.71,65.08,81.0,74.42,76.63,71.85,27.61,84.35,2484977.67,73.74,,,,,,,,+_29-01-2024 09:00:00,+_03-07-2023 09:00:00,,,,,,+,,,,,,,,1,0
LINK,29-04-2024,427.0,-3.67,-18.83,427.62,415.35,389.49,346.96,430.7,410.54,423.76,409.96,102.38,437.33,921454.67,68.17,-,,,,,,,+_05-06-2023 09:00:00,+_12-06-2023 09:00:00,,,-,,,+,,,-,,,,,1,3
KZBGY,29-04-2024,24.28,-0.49,15.1,23.11,22.85,22.65,22.31,23.31,22.81,22.46,22.87,29.77,24.35,13999873.67,57.44,,,,,,,,+_22-04-2024 09:00:00,+_22-04-2024 09:00:00,,,,,,,,-,-,,+,,,1,2
KRPLS,29-04-2024,9.66,5.46,-5.46,9.03,8.86,8.71,8.55,9.12,8.83,8.78,8.79,8.04,9.5,14163590.67,63.86,,,,,,,,+_15-04-2024 09:00:00,+_29-01-2024 09:00:00,,,,,,,,+,,,,,,1,0
KRVGD,29-04-2024,28.64,-1.04,96.04,28.81,28.56,27.85,26.76,28.83,28.43,28.87,28.6,16.91,28.23,8777615.0,59.05,-,,,,,,,+_22-01-2024 09:00:00,+_22-01-2024 09:00:00,,,,,,,,+,,-,,,,1,2
KUVVA,29-04-2024,46.0,-2.75,71.37,45.14,44.92,45.19,45.89,45.35,44.93,44.44,44.78,31.23,46.12,279275.0,49.73,,,,,,,,+_22-04-2024 09:00:00,-_11-12-2023 09:00:00,,,,,,-,,-,-,,+,,,1,3
INVES,29-04-2024,322.75,1.81,46.15,332.04,339.58,345.19,344.61,328.85,341.3,336.83,351.85,197.94,321.58,456711.0,45.95,,,,,,,,-_25-03-2024 09:00:00,-_15-04-2024 09:00:00,,,,,,,,+,,,,,,1,0
KSTUR,29-04-2024,7100.0,-15.78,7.22,7856.05,7471.62,6623.8,5501.34,7889.05,7304.14,8038.33,7148.63,1225.15,7566.67,8800.33,62.01,-,-,,,,,,+_29-01-2024 09:00:00,+_20-03-2023 09:00:00,,,-,-,,+,,,-,-,,,,1,6
MIPAZ,29-04-2024,89.75,-5.33,-38.6,89.49,88.8,85.51,78.4,89.6,88.32,89.25,90.9,24.68,91.27,3099424.33,59.8,,,,,,,,+_22-04-2024 09:00:00,+_12-06-2023 09:00:00,,,,,,+,,-,-,,,,,1,2
GSDHO,29-04-2024,4.7,0.0,10.73,4.51,4.43,4.34,4.27,4.56,4.41,4.41,4.35,2.59,4.63,144238731.67,63.11,,,,,,,,+_08-04-2024 09:00:00,+_01-04-2024 09:00:00,,,,,,+,,,,,,,,1,0
MOBTL,29-04-2024,7.15,1.42,-46.83,6.89,6.74,6.47,6.05,6.94,6.69,6.74,6.74,3.4,7.16,105189226.0,62.91,,,,,,,,+_15-01-2024 09:00:00,+_15-01-2024 09:00:00,,,,+,,,,,,,,,,1,0
HDFGS,29-04-2024,2.08,-2.8,26.6,2.11,2.11,2.09,2.05,2.11,2.1,2.12,2.11,1.41,2.13,121687632.0,52.03,-,-,-,,,,,+_25-03-2024 09:00:00,+_05-02-2024 09:00:00,,,-,-,,-,,-,-,+,,,,1,8
HALKB,29-04-2024,16.48,3.52,-36.46,15.62,15.24,14.81,14.41,15.79,15.13,15.28,14.9,9.81,16.5,445578282.67,61.34,,,,,,,,+_01-04-2024 09:00:00,+_05-02-2024 09:00:00,,,,,,+,,-,,,,,,1,1
MPARK,29-04-2024,249.9,8.65,-13.42,224.66,213.64,200.64,186.14,229.27,210.62,217.08,203.42,81.16,241.3,2988827.33,80.51,,,,,,,,+_15-01-2024 09:00:00,+_12-06-2023 09:00:00,,,,,,+,,,,,,,,1,0
MIATK,29-04-2024,59.3,-2.63,6.23,62.11,62.67,61.16,57.06,61.53,62.53,63.53,64.88,17.5,59.02,62709948.67,54.82,,,,,,,,-_22-04-2024 09:00:00,+_29-01-2024 09:00:00,-,,,,,,,+,-,,,,,1,2
GWIND,29-04-2024,29.46,4.47,-17.67,27.65,27.11,26.71,26.38,27.95,27.0,26.83,26.76,13.7,29.27,29554519.33,61.44,,,,,,,,+_15-04-2024 09:00:00,+_15-04-2024 09:00:00,+,,,,,,,,,,,,,1,0
HKTM,29-04-2024,21.84,-7.54,-58.22,21.6,21.45,21.31,21.12,21.71,21.42,21.16,21.59,19.95,22.75,10622082.33,52.27,,,,,,,,+_22-04-2024 09:00:00,+_22-04-2024 09:00:00,,-,,+,,,,-,-,,,,,1,3
MNDTR,29-04-2024,7.06,-2.75,-14.8,6.93,6.84,6.72,6.58,6.96,6.82,6.83,6.83,5.0,7.05,18099648.67,57.65,,,,,,,,+_29-01-2024 09:00:00,+_12-02-2024 09:00:00,-,,,,,+,,,-,,,,,1,2
GSRAY,29-04-2024,8.68,-9.11,-60.71,8.45,8.11,7.8,7.57,8.61,8.03,8.1,7.77,4.26,8.93,429471810.67,59.85,,,,,,,,+_15-04-2024 09:00:00,+_15-04-2024 09:00:00,,,,-,,+,,,-,,,,,1,2
HATSN,29-04-2024,67.0,-0.07,-26.56,67.0,67.74,67.98,67.13,66.78,67.89,66.64,69.93,63.55,67.55,19365013.67,50.58,-,,,,,,,-_18-03-2024 09:00:00,-_15-04-2024 09:00:00,,,,,,,,,-,+,,,,1,2
METUR,29-04-2024,15.08,-10.13,1.07,13.52,12.4,11.24,10.11,14.01,12.12,12.54,11.34,4.2,16.37,51549254.67,70.79,,,,,,,,+_22-01-2024 09:00:00,+_26-06-2023 09:00:00,,,,,,+,,-,-,,,,,1,2
MERKO,29-04-2024,15.5,3.2,6.75,14.69,14.2,13.48,12.53,14.86,14.05,14.37,13.91,6.65,15.13,10984207.67,72.03,,,,,,,,+_08-01-2024 09:00:00,+_08-01-2024 09:00:00,,,,,,+,,,,,,,,1,0
ICUGS,29-04-2024,15.37,-9.54,154.95,16.03,15.94,15.48,14.48,16.01,15.88,16.06,16.11,5.81,16.41,5932408.0,57.71,-,-,-,,,,,+_04-12-2023 09:00:00,+_29-04-2024 09:00:00,-,,-,-,,+,,-,,,,,,1,7
GOLTS,29-04-2024,513.0,-6.04,-37.85,501.49,469.82,428.27,384.45,511.8,460.27,487.17,436.59,149.65,532.0,7033791.33,70.11,,,,,,,,+_29-01-2024 09:00:00,+_29-05-2023 09:00:00,,,,,,+,,,-,-,,,,1,2
IHYAY,29-04-2024,3.05,0.66,-41.34,2.95,2.92,2.92,2.86,2.97,2.92,2.86,2.91,1.4,3.04,27755173.67,55.24,,,,,,,,+_22-04-2024 09:00:00,+_15-04-2024 09:00:00,,,,,,-,,+,,,,,,1,1
MERIT,29-04-2024,125.8,1.45,13.16,119.54,115.56,109.47,100.94,121.01,114.3,116.88,112.92,42.65,126.23,1580957.67,74.53,,,,,,,,+_02-01-2024 09:00:00,+_05-06-2023 09:00:00,,,,,,+,,,,,,,,1,0
ULUFA,29-04-2024,13.68,-3.73,-25.89,13.52,13.24,12.77,12.12,13.61,13.14,13.33,13.1,6.19,14.22,29276043.33,60.83,,,,,,,,+_05-02-2024 09:00:00,+_05-02-2024 09:00:00,,,,-,,,,,-,,,,,0,2
OZSUB,29-04-2024,31.06,-3.0,-53.22,31.51,31.41,30.97,30.05,31.5,31.35,31.47,31.65,23.74,31.4,6244727.0,53.89,-,-,,,,,,+_15-04-2024 09:00:00,+_29-04-2024 09:00:00,-,,-,,,,,,-,-,,,,0,6
BJKAS,29-04-2024,38.56,-34.31,-59.28,59.47,62.13,62.09,59.27,57.35,62.38,63.92,65.17,21.66,43.32,7485796.67,41.99,,,,-,-,,-,-_29-04-2024 09:00:00,+_20-06-2022 09:00:00,-,-,,,,-,,,-,-,-,,-,0,10
BMSTL,29-04-2024,31.96,-1.36,22.28,32.87,33.29,33.41,32.64,32.7,33.37,32.91,34.04,22.42,32.06,4058617.0,50.38,,,,,,,,-_18-03-2024 09:00:00,+_29-04-2024 09:00:00,,,,,,,,,-,,,,,0,1
BIGCH,29-04-2024,33.6,-3.28,53.9,33.71,33.1,32.26,31.47,33.92,32.91,33.17,32.74,30.14,33.67,5934095.67,54.12,-,,,,,,,+_08-04-2024 09:00:00,+_01-04-2024 09:00:00,,,-,,,,,,-,,,,,0,3
KZGYO,29-04-2024,23.76,-4.04,-52.26,24.01,24.26,24.7,25.28,23.97,24.35,23.81,24.72,26.9,24.0,12387685.0,45.22,-,-,,,,,,-_18-03-2024 09:00:00,-_18-03-2024 09:00:00,,,-,,,,,,-,,,,,0,4
BOBET,29-04-2024,38.52,0.57,14.76,37.29,36.91,36.55,35.96,37.51,36.83,36.7,36.76,15.18,38.61,23133929.67,57.85,,,,,,,,+_22-04-2024 09:00:00,+_22-01-2024 09:00:00,,,,,,,,-,,,,,,0,1
KUYAS,29-04-2024,49.8,-2.26,22.4,49.01,49.38,51.01,52.81,49.17,49.67,47.87,49.41,26.26,50.45,6216539.67,46.19,,,,,,,,-_25-12-2023 09:00:00,-_05-02-2024 09:00:00,,,,-,,-,,-,-,,,,,0,4
ORMA,29-04-2024,260.0,-7.8,-11.16,249.79,238.31,222.67,203.84,253.93,234.84,244.01,228.73,77.64,267.08,122287.33,63.9,,,,,,,,+_29-01-2024 09:00:00,+_22-01-2024 09:00:00,,,,,,-,,-,-,,,,,0,3
VANGD,29-04-2024,21.78,-5.8,-42.39,21.94,21.8,21.53,21.03,21.98,21.74,22.03,21.72,9.93,22.32,8067437.33,53.17,-,-,,,,,,+_26-02-2024 09:00:00,+_26-02-2024 09:00:00,,,-,-,,-,,,-,-,,,,0,7
VBTYZ,29-04-2024,34.6,-2.2,-26.14,34.79,34.96,34.57,33.02,34.7,34.95,34.83,35.85,12.81,35.21,13735949.0,54.92,-,-,,,,,,-_01-04-2024 09:00:00,+_29-04-2024 09:00:00,,,-,,,,,,-,,,,,0,4
ALKA,29-04-2024,29.06,-2.74,12.08,29.35,29.72,30.03,30.11,29.24,29.82,29.31,30.52,19.17,30.17,7064361.33,47.76,-,,,,,,,-_25-03-2024 09:00:00,-_01-04-2024 09:00:00,,,-,,,-,,-,-,,,,,0,5
AVHOL,29-04-2024,43.24,-4.51,-68.06,44.21,44.9,45.92,48.29,43.97,45.09,44.18,46.64,29.92,43.91,9537565.67,44.11,-,,,,,,,-_25-03-2024 09:00:00,-_04-03-2024 09:00:00,,,-,,,-,,,-,,,,,0,4
MAGEN,29-04-2024,22.98,-9.53,-18.09,20.61,19.04,17.62,16.7,21.32,18.66,19.12,17.58,9.32,24.36,111419000.0,64.68,,,,,,,,+_05-02-2024 09:00:00,+_11-03-2024 09:00:00,,,,,,,,-,-,,,,,0,2
ATAKP,29-04-2024,47.18,-0.8,-48.76,46.96,47.67,48.93,50.59,46.85,47.93,46.49,48.83,55.68,47.18,5526430.33,44.59,,,,,,,,-_18-03-2024 09:00:00,-_11-03-2024 09:00:00,,,,,,,,,-,,,,,0,1
MAKIM,29-04-2024,26.4,-4.0,-22.66,26.41,26.45,26.47,26.14,26.44,26.47,26.12,26.8,17.78,26.61,3980477.33,52.25,-,-,-,,,,,-_25-03-2024 09:00:00,+_22-04-2024 09:00:00,,,-,,,,,,-,,,,,0,5
OBASE,29-04-2024,49.5,-5.89,-44.75,51.04,51.13,50.32,47.86,50.91,51.05,51.07,51.99,30.17,50.81,2271253.67,55.42,-,-,-,-,,,-,-_29-04-2024 09:00:00,+_29-04-2024 09:00:00,,,-,,,,,,-,,,,,0,7
OTTO,29-04-2024,318.0,0.0,62.6,325.22,327.69,329.7,328.94,323.86,328.22,327.93,330.65,143.47,321.58,35775.33,48.54,,,,,,,,-_22-04-2024 09:00:00,-_22-04-2024 09:00:00,-,,,,,-,,,,,,,,0,2
ARASE,29-04-2024,70.9,-4.7,-44.43,70.0,68.86,67.41,65.13,70.51,68.56,68.62,68.12,41.48,70.97,36401199.67,59.57,,,,,,,,+_08-04-2024 09:00:00,+_29-04-2024 09:00:00,,,,,,,,-,-,,,,,0,2
MHRGY,29-04-2024,5.02,0.2,-11.22,5.1,5.2,5.31,5.39,5.07,5.23,5.11,5.35,5.47,5.02,34188892.33,42.41,,,,,,,,-_18-03-2024 09:00:00,-_18-03-2024 09:00:00,,-,,,,,,,,,,,,0,1
MANAS,29-04-2024,9.71,-8.4,-62.07,9.92,9.84,9.72,9.59,9.94,9.82,9.82,9.87,7.12,9.97,23436365.67,51.3,-,-,-,,,,,+_15-04-2024 09:00:00,+_12-02-2024 09:00:00,,,-,-,,,,,-,,,,,0,6
VRGYO,29-04-2024,31.38,-11.41,-10.77,35.35,36.82,37.06,35.97,34.53,37.02,37.39,39.25,32.52,32.61,22217922.67,45.71,,,,,,-,,-_08-04-2024 09:00:00,-_29-04-2024 09:00:00,,,,,,,-,,-,,,,,0,3
ORCAY,29-04-2024,11.61,-5.3,62.07,12.11,12.29,12.3,12.01,12.02,12.31,12.23,12.67,7.75,11.62,13349071.0,49.13,,,,,,,,-_01-04-2024 09:00:00,+_22-01-2024 09:00:00,,-,,,,,,,-,,,,,0,2
ALTIN,29-04-2024,24.71,-1.71,-16.93,25.03,24.87,24.45,23.64,25.04,24.8,25.06,24.76,18.31,24.77,131622423.33,61.46,,-,,,,,,+_29-04-2024 09:00:00,+_29-04-2024 09:00:00,,,,-,,,,,-,-,,,,0,4
GLYHO,29-04-2024,13.44,-4.21,31.84,13.36,13.16,12.87,12.56,13.44,13.09,13.21,13.03,7.49,13.69,72505159.33,58.36,,,,,,,,+_22-01-2024 09:00:00,+_05-02-2024 09:00:00,,,,,,-,,,-,,,,,0,2
CEMAS,29-04-2024,3.22,-4.73,53.33,3.47,3.72,4.03,4.26,3.39,3.79,3.58,4.0,2.49,3.25,137309477.33,35.57,,,,,,,,-_25-03-2024 09:00:00,-_25-03-2024 09:00:00,,,,,,-,,,-,,,,,0,2
TURGG,29-04-2024,603.0,-5.85,57.32,645.75,655.82,649.13,617.29,638.53,656.2,662.07,675.67,275.52,611.5,291097.67,51.18,,,,,-,,,-_15-04-2024 09:00:00,+_03-07-2023 09:00:00,,,,,,-,,-,-,,,,,0,4
TABGD,29-04-2024,157.6,3.07,-34.82,148.48,145.36,142.61,141.0,149.99,144.62,145.47,142.75,140.32,155.33,13702165.0,62.44,,,,,,,,+_29-01-2024 09:00:00,+_01-04-2024 09:00:00,,,,,-,,,,,,,,,0,1
SRVGY,29-04-2024,292.75,-7.5,-31.44,308.54,311.03,314.89,317.19,307.31,311.84,309.88,310.98,170.83,299.67,667238.0,45.69,-,-,,-,,,-,-_29-04-2024 09:00:00,-_19-02-2024 09:00:00,,,,-,,-,,-,-,,,-,,0,9
DOHOL,29-04-2024,14.41,0.49,-19.23,13.95,13.77,13.57,13.35,14.04,13.72,13.74,13.65,7.59,14.54,188619517.33,61.72,,,,,,,,+_01-04-2024 09:00:00,+_22-01-2024 09:00:00,,,,,,-,,-,,,,,,0,2
EDATA,29-04-2024,21.78,-8.26,-33.82,22.9,23.3,23.26,22.35,22.69,23.36,23.14,24.24,9.69,22.48,14326995.33,50.69,-,-,-,,,,,-_01-04-2024 09:00:00,+_29-04-2024 09:00:00,,,-,,,,,-,-,,,,,0,6
PSGYO,29-04-2024,6.12,-0.16,-39.96,6.37,6.47,6.5,6.4,6.31,6.49,6.45,6.68,4.36,6.19,127359853.0,48.35,,,,,,-,,-_01-04-2024 09:00:00,-_29-04-2024 09:00:00,,,,,,,,,-,,,,,0,2
SNICA,29-04-2024,35.42,-6.1,-35.68,37.02,36.91,36.56,35.88,37.0,36.85,36.82,37.01,31.9,35.87,50702771.0,50.06,,-,-,,,,,+_15-04-2024 09:00:00,+_15-01-2024 09:00:00,,,,,,,,,-,,-,,,0,4
EKSUN,29-04-2024,61.4,-7.11,-32.38,63.51,64.2,65.16,66.41,63.28,64.41,63.36,65.38,69.43,62.67,3446591.33,42.09,-,-,-,,,,,-_11-03-2024 09:00:00,-_11-03-2024 09:00:00,,,-,,,,,,-,,,,,0,5
ELITE,29-04-2024,49.24,-0.04,-13.97,49.26,49.72,50.53,50.56,49.19,49.91,48.95,50.29,22.32,49.26,5121301.0,49.37,,,,,,,,-_04-03-2024 09:00:00,-_18-03-2024 09:00:00,,,,,,,,-,-,,,,,0,2
IEYHO,29-04-2024,5.02,-4.74,10.71,5.26,5.32,5.31,5.15,5.24,5.32,5.29,5.42,2.29,5.04,56223198.0,50.56,,,,,-,,,-_22-04-2024 09:00:00,+_03-07-2023 09:00:00,,,,,,-,,,-,,,,,0,3
ENSRI,29-04-2024,27.16,1.12,-68.14,28.56,29.83,30.87,30.65,28.07,30.14,29.24,31.52,16.24,27.67,25221549.33,46.45,,,,,,,,-_25-03-2024 09:00:00,-_15-04-2024 09:00:00,,,,,,,,-,,,,,,0,1
ERBOS,29-04-2024,224.3,-4.19,-19.96,247.7,252.61,251.06,242.38,243.94,252.91,257.84,260.03,133.18,228.23,1552423.0,47.53,,,,,-,,,-_22-04-2024 09:00:00,+_15-01-2024 09:00:00,-,,,,,-,,,-,,,,,0,4
HURGZ,29-04-2024,4.42,-3.28,-35.39,4.66,4.72,4.73,4.7,4.63,4.73,4.76,4.81,3.32,4.46,44444242.0,45.29,,,,,-,-,,-_22-04-2024 09:00:00,-_29-04-2024 09:00:00,-,,,,,-,,,-,,-,,,0,6
ESEN,29-04-2024,21.54,-3.93,-65.11,20.83,20.53,20.34,20.26,21.0,20.47,20.35,20.41,12.34,21.81,24200700.33,54.55,,,,,,,,+_22-04-2024 09:00:00,+_22-04-2024 09:00:00,,,,,,,,-,-,,,,,0,2
REEDR,29-04-2024,42.66,-2.96,-40.41,45.75,47.15,46.56,43.77,44.9,47.24,47.38,50.5,35.63,42.87,94620796.67,50.62,,,,,-,,,-_15-04-2024 09:00:00,+_29-01-2024 09:00:00,,,,,,,,,-,,,,,0,2
SELEC,29-04-2024,53.0,-0.93,-24.41,54.22,54.93,55.81,56.14,54.0,55.15,54.15,55.78,31.14,53.03,6335985.67,45.76,,,,,,,,-_04-03-2024 09:00:00,-_18-03-2024 09:00:00,,,,,,-,,,-,,,,,0,2
SEGYO,29-04-2024,4.44,-5.13,-53.95,4.52,4.7,4.98,5.14,4.49,4.76,4.47,4.84,3.44,4.52,55200516.33,43.97,-,,,,,,,-_19-02-2024 09:00:00,-_11-03-2024 09:00:00,,,-,,,,,-,-,,,,,0,4
FENER,29-04-2024,88.15,-3.29,-44.18,89.98,91.58,94.59,97.23,89.66,92.21,89.3,92.87,59.38,88.23,12689466.33,42.72,-,,,,,,,-_12-02-2024 09:00:00,-_04-03-2024 09:00:00,,,-,,-,-,,-,-,,,,,0,6
FORMT,29-04-2024,2.84,0.35,-20.56,2.82,2.82,2.86,2.9,2.82,2.83,2.8,2.83,1.87,2.84,116813297.67,48.2,,,,,,,,-_19-02-2024 09:00:00,-_18-12-2023 09:00:00,,,,,,-,,,,,,,,0,1
DOAS,29-04-2024,291.5,-6.04,2.68,313.31,312.02,304.38,292.36,311.63,310.68,320.5,310.45,140.5,293.75,25158124.67,51.72,,,-,,,,,+_29-01-2024 09:00:00,+_25-12-2023 09:00:00,,,,,,-,,,-,,,,,0,3
TARKM,29-04-2024,579.0,-1.03,-33.37,596.28,615.57,635.41,645.9,589.82,620.84,600.61,644.93,639.03,579.5,1475834.33,44.61,,,,,,,,-_11-03-2024 09:00:00,-_01-04-2024 09:00:00,,-,,,,,,,-,,,,,0,2
BRKVY,29-04-2024,110.3,-34.35,-32.25,158.0,162.33,154.72,137.0,152.92,161.65,171.7,170.67,68.54,128.77,1131763.33,46.63,,,-,-,,,-,-_29-04-2024 09:00:00,+_29-04-2024 09:00:00,,,,,,,,,-,,-,,,0,5
PNLSN,29-04-2024,81.25,-2.64,-47.52,84.04,84.02,82.05,77.78,83.7,83.76,85.09,85.22,41.94,81.75,2096006.67,56.92,,,-,,,,-,-_29-04-2024 09:00:00,+_29-04-2024 09:00:00,-,,,,,,,,-,,,,,0,4
BRLSM,29-04-2024,23.18,-16.32,87.36,26.06,26.73,27.34,27.55,25.75,26.9,26.45,27.59,12.27,24.7,25847133.33,40.62,-,,,,,,,-_11-03-2024 09:00:00,-_25-03-2024 09:00:00,,-,-,,-,,,,,-,,,-,0,6
PASEU,29-04-2024,64.95,-4.84,-36.43,63.67,62.98,62.58,62.44,64.1,62.85,62.07,62.84,61.34,65.4,11829205.33,52.59,,,,,,,,+_22-04-2024 09:00:00,+_22-04-2024 09:00:00,,-,,,,,,-,-,,,,,0,3
BTCIM,29-04-2024,137.5,-0.94,-26.0,134.56,131.7,128.36,123.61,135.61,130.92,133.0,128.55,51.44,137.57,7730960.0,60.46,,,,,,,,+_18-03-2024 09:00:00,+_22-05-2023 09:00:00,,,,,,-,,-,-,,,,,0,3
BYDNR,29-04-2024,29.74,-2.36,157.3,29.87,30.07,30.35,30.83,29.83,30.13,29.64,30.69,33.02,29.77,5223892.0,46.65,-,-,-,,,,,-_18-03-2024 09:00:00,-_18-03-2024 09:00:00,,,-,,,,,-,,,,,-,0,6
CATES,29-04-2024,57.5,-1.46,34.51,58.15,59.42,60.91,61.86,57.82,59.8,57.9,61.64,62.4,57.93,10811832.33,45.16,,,,,,,,-_29-04-2024 09:00:00,-_25-03-2024 09:00:00,,,-,,,,,,-,,,,,0,2
PEKGY,29-04-2024,8.27,-3.84,-46.67,10.14,12.96,16.77,19.92,9.31,13.85,10.7,16.1,10.0,8.3,234624998.0,29.4,,,,,,,,-_04-03-2024 09:00:00,-_11-03-2024 09:00:00,,,,,,-,,-,-,,,,,0,3
KRGYO,29-04-2024,24.98,-0.72,9.0,24.97,25.49,26.96,28.97,24.92,25.75,24.67,25.66,16.72,24.49,4099039.33,40.93,,,,,,,,-_11-12-2023 09:00:00,-_18-12-2023 09:00:00,,,,,,-,,,-,,,,,0,2
TNZTP,29-04-2024,61.2,0.49,-34.04,64.16,65.44,66.12,65.14,63.5,65.7,65.34,67.1,47.0,61.25,3251862.67,47.31,,,,,,-,,-_15-04-2024 09:00:00,-_29-04-2024 09:00:00,,,,,,,,,,,,,,0,1
GIPTA,29-04-2024,45.7,-1.38,15.62,45.8,45.29,43.87,41.82,45.86,45.04,45.98,45.43,37.5,45.81,8507348.0,58.21,-,,,,,,,+_22-01-2024 09:00:00,+_29-01-2024 09:00:00,,,-,,,,,,-,,,,,0,3
TMPOL,29-04-2024,97.1,0.0,-13.91,101.5,102.02,100.71,96.6,100.83,101.9,103.18,103.31,40.01,98.33,2278354.33,52.11,,,,-,,,-,-_29-04-2024 09:00:00,+_19-06-2023 09:00:00,-,,,,,-,,,,,,,,0,4
CIMSA,29-04-2024,32.42,-1.7,1.54,32.43,32.61,32.83,32.69,32.4,32.67,32.25,33.08,15.69,32.46,44143686.67,50.46,-,-,-,,,,,-_11-03-2024 09:00:00,-_25-03-2024 09:00:00,,-,,,,-,,-,-,,,,,0,7
TKNSA,29-04-2024,40.7,-0.05,19.36,40.8,41.1,40.88,39.54,40.67,41.12,40.84,42.13,19.08,40.69,15958729.0,55.24,,,,,,,,-_01-04-2024 09:00:00,+_26-06-2023 09:00:00,,,,,,-,,,-,,,,,0,2
KOPOL,29-04-2024,45.96,-2.0,27.11,46.66,46.97,47.48,48.48,46.56,47.07,46.54,47.66,51.25,46.01,6812124.33,44.64,,,,,,,,-_18-03-2024 09:00:00,-_11-03-2024 09:00:00,,-,,,,,,,-,-,,,,0,3
KGYO,29-04-2024,35.08,-5.34,11.27,36.14,36.5,37.09,38.11,36.02,36.62,36.08,36.98,25.34,35.59,1262507.0,44.36,-,-,,,,,,-_11-03-2024 09:00:00,-_09-10-2023 09:00:00,,,-,-,,-,,,-,,,-,-,0,8
DAPGM,29-04-2024,34.0,-2.91,-6.02,34.26,34.02,34.24,35.69,34.34,33.99,34.09,33.78,30.94,34.61,27476924.67,45.96,-,-,-,,,,,+_08-04-2024 09:00:00,-_29-04-2024 09:00:00,,,-,-,,,,,-,,,,,0,6
DERHL,29-04-2024,8.98,-10.47,70.73,9.85,10.28,10.68,10.83,9.68,10.38,10.05,10.88,4.92,9.25,22603245.67,42.71,,,,,,,,-_25-03-2024 09:00:00,-_01-04-2024 09:00:00,,,,,,-,,,,,,,,0,1
KBORU,29-04-2024,104.0,-2.89,4.57,110.21,113.74,115.33,114.09,108.65,114.41,111.62,121.14,108.51,104.43,10803989.0,46.44,,,,,,,,-_25-03-2024 09:00:00,-_22-04-2024 09:00:00,,,,,,,,,-,,,,,0,1
NATEN,29-04-2024,55.65,-6.47,-56.01,54.24,53.72,53.43,53.04,54.61,53.63,53.11,53.72,26.32,57.05,16931331.67,52.84,,,,,,,,+_22-04-2024 09:00:00,+_22-04-2024 09:00:00,,,,,,-,,-,-,,,,,0,3
